Title,Saved Searches,Unnamed: 2,Unnamed: 3,Unnamed: 4,Unnamed: 5,Unnamed: 6
Description,Record label scouts can save their search criteria to easily revisit and review previous search results.,,,,,
,,,,,,
Features,,,,,,
Title,Description,,,,,
Saved Searches,Record label scouts can save their search criteria to easily revisit and review previous search results.,,,,,
User Stories,,,,,,
Title,Description,Benefit,Acceptance Criteria,Difficulty,Priority,
Saved Searches,"As a record label scout, I want the ability to save my search criteria so that I can easily revisit and review previous search results.",Saves time and effort by allowing the scout to quickly access previously saved search filters and results.,The platform should provide a feature to save search filters and search results for future reference.The saved searches should be easily accessible and editable.,Low,Low,
Functional Requirements,,,,,,
Title,Description,Priority,Inputs,Outputs,Processes,Constraints
Input Requirements: Search Criteria,"Record label scouts can input their search criteria such as genre, location, and popularity to find creators.",High,"Genre,Location,Popularity",List of creators matching the search criteria.,"Record label scout sets search criteria.,System processes and matches creators based on criteria.",Only creators matching the search criteria are displayed.
Input Requirements: Saved Search Filters,Record label scouts can save their search filters for future reference.,Medium,,,Record label scout saves search filters.,
Input Requirements: Saved Search Results,Record label scouts can save their search results for future reference.,Medium,,,Record label scout saves search results.,
Processing Requirements: Saved Search Filters,The system should store and retrieve saved search filters for record label scouts.,Medium,,,"System stores saved search filters.,System retrieves saved search filters.",
Processing Requirements: Saved Search Results,The system should store and retrieve saved search results for record label scouts.,Medium,,,"System stores saved search results.,System retrieves saved search results.",
Output Requirements: Saved Search Filters,The system should display saved search filters for record label scouts.,Medium,,List of saved search filters.,,
Output Requirements: Saved Search Results,The system should display saved search results for record label scouts.,Medium,,List of saved search results.,,
User Interface Requirements: Saved Search Filters,The system should provide a user-friendly interface for record label scouts to save and manage their search filters.,High,,,,
User Interface Requirements: Saved Search Results,The system should provide a user-friendly interface for record label scouts to save and manage their search results.,High,,,,
Transactional Requirements: Save Search Filters,Record label scouts should be able to save their search filters.,High,,,Record label scout selects 'Save' option for search filters.,
Transactional Requirements: Save Search Results,Record label scouts should be able to save their search results.,High,,,Record label scout selects 'Save' option for search results.,
Business Rules: Saved Search Filters,Only record label scouts can access and manage their own saved search filters.,Critical,,,,Saved search filters are private to each record label scout.
Business Rules: Saved Search Results,Only record label scouts can access and manage their own saved search results.,Critical,,,,Saved search results are private to each record label scout.
Non Functional Requirements,,,,,,
Title,Description,Type,,,,
Intuitive User Interface,"The platform should have a user-friendly interface that is easy to navigate and understand, allowing musicians, influencers, record labels, and brands to quickly find the information they need and perform desired actions.",usability,,,,
Efficient Content Collaboration,"The platform should provide seamless collaboration features, allowing musicians and influencers to easily communicate, share files, and work together on content production projects.",usability,,,,
Clear Creator Profiles,"The platform should display comprehensive and well-organized profiles for musicians and influencers, showcasing their skills, experience, portfolio, and social media presence, making it easy for record labels and brands to evaluate their suitability for collaboration or sponsorship.",usability,,,,
Streamlined Search and Filtering,"The platform should offer advanced search and filtering options, enabling record label scouts to quickly find relevant creators based on criteria such as genre, location, follower count, engagement rate, and previous collaborations.",usability,,,,
Responsive and Mobile-Friendly Design,"The platform should be responsive and optimized for mobile devices, ensuring a seamless user experience across different screen sizes and devices.",usability,,,,
Effortless Saved Searches,"The platform should allow record label scouts to save their search criteria, making it easy for them to revisit and review previous search results without having to re-enter the same filters.",usability,,,,
Fast Search Results Retrieval,"When record label scouts perform a saved search, the system should retrieve and display the search results within 2 seconds to ensure a smooth and efficient user experience.",performance,,,,
Low Latency for Profile Loading,"When viewing creator profiles, the system should load and display the profiles within 3 seconds to provide a seamless browsing experience for record labels and brands.",performance,,,,
Quick Search Criteria Saving,"When record label scouts save their search criteria, the system should process and save the criteria within 1 second to enable efficient management of previous search results.",performance,,,,
Efficient Sponsorship Deal Sign-up,"When record labels or brands sign creators for sponsorship deals, the system should handle the sign-up process within 2 seconds to ensure a smooth and timely transaction.",performance,,,,
Optimized Content Production Collaboration,"When musicians and influencers collaborate in content production, the system should provide real-time synchronization and updates within 1 second to facilitate efficient collaboration.",performance,,,,
High Availability for Collaboration Platform,"The platform should have a high availability rate of at least 99.99% to ensure uninterrupted access for musicians, influencers, record labels, and brands.",reliability,,,,
Data Integrity and Security,"The platform should implement robust security measures to protect user data, including encryption of sensitive information and regular security audits.",reliability,,,,
Scalability for Growing User Base,"The platform should be able to handle increasing user traffic and data volume as the user base grows, ensuring optimal performance and responsiveness.",reliability,,,,
Backup and Disaster Recovery,Regular backups of user data should be performed to minimize the risk of data loss. The platform should also have a disaster recovery plan in place to quickly restore services in the event of a catastrophic failure.,reliability,,,,
Real-time Collaboration and Communication,"The platform should provide real-time collaboration and communication features, such as instant messaging and video conferencing, to facilitate seamless collaboration between musicians, influencers, record labels, and brands.",reliability,,,,
Secure User Authentication,"The platform should implement secure user authentication mechanisms, such as multi-factor authentication or strong password policies, to prevent unauthorized access to user accounts.",security,,,,
Data Encryption,"Sensitive user data, such as personal information and collaboration content, should be encrypted both at rest and in transit to protect against unauthorized access or data breaches.",security,,,,
Access Controls,The platform should have granular access controls to ensure that only authorized users can view and interact with specific content or perform certain actions. This includes role-based access controls and permission levels.,security,,,,
Secure Communication Channels,"All communication channels within the platform, including messaging and file sharing, should be secured using encryption and secure protocols to prevent eavesdropping or interception of sensitive information.",security,,,,
Secure Payment Processing,"If the platform involves financial transactions, it should integrate with secure payment gateways and comply with industry standards for secure payment processing, such as PCI DSS.",security,,,,
Regular Security Audits,The platform should undergo regular security audits and vulnerability assessments to identify and address any potential security weaknesses or vulnerabilities.,security,,,,
Scalable User Profile Storage,"As the number of musicians, influencers, record labels, and brands using the platform increases, the system should be able to handle the storage and retrieval of a large number of user profiles efficiently.",scalability,,,,
Horizontal Scalability for Content Production Collaboration,"To accommodate a growing number of collaborations between musicians and influencers, the system should be designed to scale horizontally, allowing for the addition of more servers or instances to handle increased content production demands.",scalability,,,,
Efficient Search Result Retrieval for Record Label Scouts,"As the number of saved searches and search results grows, the system should ensure quick retrieval and display of previous search results for record label scouts, allowing them to efficiently review and revisit potential creators.",scalability,,,,
Scalable Media Storage and Streaming,"To support the uploading and streaming of multimedia content, such as music tracks and videos, the system should be able to scale its media storage and streaming capabilities to handle increased user-generated content and playback demands.",scalability,,,,
Vertical Scalability for Sponsorship Deal Management,"As the number of sponsorship deals between creators and brands increases, the system should be able to vertically scale its resources, such as processing power and memory, to handle the increased load of managing and tracking sponsorship deals.",scalability,,,,
Compliance with Intellectual Property Rights,"The platform should ensure that all content shared and collaborated on adheres to intellectual property rights, including copyright and trademark laws.",regulatory,,,,
Data Privacy and Consent,"The platform should comply with data privacy regulations, ensuring that user data is collected, stored, and processed with proper consent and in accordance with applicable laws.",regulatory,,,,
Transparency in Sponsorship Deals,"The platform should provide transparency in sponsorship deals, including clear disclosure of sponsored content and proper labeling of advertisements, in compliance with advertising regulations.",regulatory,,,,
Age Verification,"If the platform allows users under a certain age to participate, it should implement age verification mechanisms to comply with age-restricted content regulations.",regulatory,,,,
Financial Transaction Security,"The platform should ensure the security of financial transactions, including secure payment processing and compliance with financial regulations to protect user financial information.",regulatory,,,,
Integration with Social Media APIs,"The platform should integrate with popular social media APIs (such as Instagram, YouTube) to allow creators to connect their accounts and showcase their content, and to enable record labels and brands to view creators' profiles and engagement metrics.",integration,,,,
Secure Authentication and Authorization,"The platform should implement secure authentication and authorization mechanisms, such as OAuth 2.0, to ensure that only authorized users (creators, record labels, brands) can access and interact with the platform's features and data.",integration,,,,
Real-time Notifications,"The platform should provide real-time notifications to creators, record labels, and brands for important events, such as new collaboration requests, sponsorship deals, or updates to saved searches, ensuring timely communication and collaboration.",integration,,,,
Data Privacy and Compliance,"The platform should comply with data privacy regulations (such as GDPR) and implement measures to protect user data, including encryption of sensitive information, secure storage, and proper handling of user consent for data processing.",integration,,,,
Integration with Payment Gateways,"The platform should integrate with payment gateways (such as PayPal, Stripe) to facilitate secure and seamless transactions for sponsorship deals, ensuring that creators receive timely and accurate payments.",integration,,,,
