Title,Monetization of Talent,Unnamed: 2,Unnamed: 3,Unnamed: 4,Unnamed: 5,Unnamed: 6
Description,Users can monetize their talent and content on the platform to earn income and sustain their music careers.,,,,,
,,,,,,
Features,,,,,,
Title,Description,,,,,
Monetization of Talent,Users can monetize their talent and content on the platform to earn income and sustain their music careers.,,,,,
User Stories,,,,,,
Title,Description,Benefit,Acceptance Criteria,Difficulty,Priority,
Monetize Talent,"As a music collaborator, I want to monetize my talent and content on the platform so that I can earn income and sustain my music career.","Provides opportunities for the user to generate revenue from their music, collaborations, and sponsored content.","The platform should have a monetization feature, such as ad revenue sharing, paid collaborations, or premium content subscriptions.The platform should provide transparent and fair payment processes for users to receive their earnings.The platform should have a system for tracking and reporting earnings and engagement metrics.",High,Low,
Functional Requirements,,,,,,
Title,Description,Priority,Inputs,Outputs,Processes,Constraints
Input Requirements: Monetization Preferences,"Users can input their preferences for monetization options such as ad revenue sharing, paid collaborations, or premium content subscriptions.",High,"Ad Revenue Sharing,Paid Collaborations,Premium Content Subscriptions",,User selects monetization preferences.,
Processing Requirements: Payment Processes,The platform should provide transparent and fair payment processes for users to receive their earnings.,High,,,"User requests payment.,System verifies earnings and calculates payment.,System initiates payment to user's preferred payment method.",
Processing Requirements: Earnings Tracking and Reporting,The platform should have a system for tracking and reporting earnings and engagement metrics.,Medium,,,"System tracks earnings and engagement metrics for each user.,System generates reports and analytics based on tracked data.",
User Interface Requirements: Monetization Dashboard,"The platform should provide a user-friendly dashboard where users can manage their monetization preferences, view earnings, and access payment processes.",High,,,User accesses the monetization dashboard.,
Business Rules: Monetization Eligibility,"Users must meet certain eligibility criteria to access monetization features, such as minimum follower count or content quality standards.",Critical,,,,Users must meet eligibility criteria to access monetization features.
Non Functional Requirements,,,,,,
Title,Description,Type,,,,
Secure User Authentication,"The platform should implement strong authentication mechanisms, such as multi-factor authentication, to ensure that only authorized users can access their accounts and perform actions on the platform.",security,,,,
Data Encryption,"Sensitive user data, such as personal information and payment details, should be encrypted both at rest and in transit to protect against unauthorized access.",security,,,,
Access Controls,The platform should have granular access controls to ensure that only authorized users can view and modify sensitive data. Different roles and permissions should be implemented to restrict access based on user privileges.,security,,,,
Secure Payment Processing,"When processing payments for monetization of talent, the platform should integrate with secure payment gateways and follow industry best practices to protect user financial information.",security,,,,
Secure Content Storage,The platform should implement secure storage mechanisms for user-generated content to prevent unauthorized access or tampering. This includes regular backups and redundancy measures to ensure data availability.,security,,,,
Protection against Malicious Content,"The platform should have mechanisms in place to detect and prevent the upload or dissemination of malicious content, such as malware or copyrighted material. Content moderation and filtering should be implemented.",security,,,,
Secure Communication Channels,"All communication channels within the platform, including messaging and collaboration features, should be encrypted to protect user privacy and prevent eavesdropping or interception of sensitive information.",security,,,,
Monitoring and Logging,"The platform should implement monitoring and logging mechanisms to track user activities, detect suspicious behavior, and facilitate incident response and forensic analysis in case of security incidents.",security,,,,
Fast Content Monetization,The system should process and approve content monetization requests within 24 hours to ensure users can quickly start earning income from their talent.,performance,,,,
High Availability,The platform should have a minimum uptime of 99.9% to ensure uninterrupted access for users and minimize potential revenue loss.,performance,,,,
Scalability,"The system should be able to handle a growing number of users and content without significant performance degradation, ensuring a smooth experience even during peak usage periods.",performance,,,,
Low Latency Profile Loading,"User profiles, including their talent showcase and monetization details, should load within 3 seconds to provide a seamless browsing experience and encourage engagement.",performance,,,,
Efficient Payment Processing,"Payment transactions, including revenue sharing and sponsorship deals, should be processed within 5 seconds to ensure timely and accurate financial transactions for users.",performance,,,,
User-friendly Content Monetization,"The platform should provide a user-friendly interface for musicians and influencers to easily monetize their talent and content. This includes clear instructions, intuitive navigation, and a streamlined process for setting up monetization options.",usability,,,,
Transparent Earnings Tracking,"The platform should provide transparent and real-time tracking of earnings for users who monetize their talent and content. This includes clear visibility of earnings, detailed breakdowns of revenue sources, and easy access to payment history.",usability,,,,
Efficient Profile Management,"The platform should allow users to efficiently manage their profiles, including updating personal information, uploading content, and showcasing their talent. This includes a user-friendly profile editor, easy content uploading, and customizable profile layouts.",usability,,,,
Intuitive Sponsorship Deal Search,"The platform should provide an intuitive search and filter functionality for record labels and brands to find creators for sponsorship deals. This includes options to search by genre, location, popularity, and other relevant criteria, as well as clear and informative creator profiles.",usability,,,,
Clear and Concise Creator Profiles,"Creator profiles should provide clear and concise information about their talent, content, and audience. This includes a well-organized profile layout, easy-to-read statistics, and visually appealing content showcases.",usability,,,,
Scalable User Management,"The system should be able to handle a growing number of users, including musicians, influencers, record labels, and brands, without compromising performance or functionality.",scalability,,,,
Efficient Content Storage and Retrieval,"As the platform accumulates a large amount of content, including music tracks, videos, and influencer posts, the system should efficiently store and retrieve this content to ensure quick access for users and minimize latency.",scalability,,,,
Dynamic Scaling for High Traffic,"During peak usage periods, such as when popular musicians release new content or when sponsorship deals are announced, the system should dynamically scale resources to handle increased traffic and ensure a smooth user experience.",scalability,,,,
Optimized Search and Recommendation,"As the number of creators and brands on the platform grows, the system should optimize search and recommendation algorithms to provide relevant and personalized results to users, even with a large and diverse user base.",scalability,,,,
Scalable Sponsorship Management,"The system should be able to handle a growing number of sponsorship deals between creators and brands, ensuring efficient management and tracking of these partnerships without performance degradation.",scalability,,,,
High Availability for Monetization Feature,The monetization feature should have a high availability rate of at least 99.9% to ensure uninterrupted income generation for users and maintain their trust in the platform.,reliability,,,,
Real-time Payment Processing,The platform should process payments for monetization in real-time to provide immediate income to users and avoid delays or disruptions in their earnings.,reliability,,,,
Secure Payment Transactions,All payment transactions related to monetization should be encrypted and comply with industry-standard security protocols to protect user financial information and prevent unauthorized access.,reliability,,,,
Backup and Recovery of Monetization Data,"The platform should perform regular backups of all monetization-related data, including earnings, transactions, and user profiles, to ensure data integrity and enable quick recovery in case of data loss or system failures.",reliability,,,,
Scalability for Increased Monetization Traffic,"The system should be able to handle increased traffic and user activity related to monetization, ensuring smooth performance and responsiveness even during peak usage periods.",reliability,,,,
Secure Authentication and Authorization,"The platform should integrate with industry-standard authentication and authorization protocols (e.g., OAuth, OpenID) to ensure secure access to user accounts and protect sensitive data.",integration,,,,
Integration with Payment Gateways,"The platform should integrate with popular payment gateways (e.g., Stripe, PayPal) to facilitate secure and seamless monetization transactions between users and their audience.",integration,,,,
Real-time Transaction Processing,"The platform should process monetization transactions in real-time, ensuring immediate feedback to users about the success or failure of their transactions.",integration,,,,
Secure Storage and Encryption of Financial Data,"All financial data related to monetization transactions (e.g., payment details, earnings) should be securely stored and encrypted, following industry best practices and compliance standards (e.g., PCI DSS).",integration,,,,
Integration with Music Streaming Platforms,"The platform should integrate with popular music streaming platforms (e.g., Spotify, Apple Music) to enable seamless sharing and monetization of music content created by users.",integration,,,,
API Integration for Sponsorship Deals,"The platform should provide APIs for record labels and brands to integrate and access user profiles, enabling them to identify potential creators for sponsorship deals and collaborations.",integration,,,,
Secure Data Exchange with Third-Party APIs,"Any data exchange with third-party APIs, such as music streaming platforms or sponsorship platforms, should be performed securely, using encryption and authentication mechanisms to protect user data.",integration,,,,
Compliance with Intellectual Property Rights,"The platform should ensure that all content uploaded by users complies with intellectual property rights, including copyright and trademark laws, to avoid legal issues and protect the rights of creators and brands.",regulatory,,,,
Secure Payment Processing,"The platform should implement secure payment processing mechanisms to protect the financial transactions between creators, record labels, and brands, ensuring compliance with financial regulations and safeguarding sensitive payment information.",regulatory,,,,
User Data Privacy and Consent,"The platform should adhere to data protection regulations and obtain explicit user consent for collecting, storing, and processing personal data, including user profiles, to protect user privacy and comply with privacy laws.",regulatory,,,,
Transparency in Sponsorship Deals,"The platform should provide transparent reporting and disclosure of sponsorship deals between creators, record labels, and brands, ensuring compliance with advertising and disclosure regulations to maintain trust and transparency in influencer marketing.",regulatory,,,,
Age Verification for User Accounts,"The platform should implement age verification mechanisms to ensure that users meet the minimum age requirements for participating in sponsorship deals and content monetization, complying with age restrictions and regulations for online platforms.",regulatory,,,,
