Title,Direct Communication Channels with Creators,Unnamed: 2,Unnamed: 3,Unnamed: 4,Unnamed: 5,Unnamed: 6
Description,Brand sponsorship managers can have direct channels available to communicate and discuss collaboration opportunities with creators to establish a personal connection and negotiate partnership terms.,,,,,
,,,,,,
Features,,,,,,
Title,Description,,,,,
Direct Communication Channels with Creators,Brand sponsorship managers can have direct channels available to communicate and discuss collaboration opportunities with creators to establish a personal connection and negotiate partnership terms.,,,,,
User Stories,,,,,,
Title,Description,Benefit,Acceptance Criteria,Difficulty,Priority,
Direct Communication Channels with Creators,"As a brand sponsorship manager, I want to have direct channels available to communicate and discuss collaboration opportunities with creators so that I can establish a personal connection and negotiate partnership terms.","Facilitates efficient and effective communication between the brand sponsorship manager and creators, leading to smoother collaboration processes.",The platform should provide messaging or chat features that allow direct communication between the brand sponsorship manager and creators.The communication channels should support file sharing and be easily accessible within the platform.,Medium,High,
Functional Requirements,,,,,,
Title,Description,Priority,Inputs,Outputs,Processes,Constraints
Input Requirements: Brand Sponsorship Manager Profile,Brand sponsorship managers should be able to create and manage their profiles on the platform.,High,Profile Information,Brand sponsorship manager profile,Brand sponsorship manager inputs profile information.,Profile information should be accurate and up-to-date.
Input Requirements: Creator Profile,Creators should be able to create and manage their profiles on the platform.,High,Profile Information,Creator profile,Creator inputs profile information.,Profile information should be accurate and up-to-date.
Input Requirements: Messaging or Chat Features,The platform should provide messaging or chat features for direct communication between brand sponsorship managers and creators.,High,,Messaging or chat features,,"Messaging or chat features should support file sharing.,Messaging or chat features should be easily accessible within the platform."
Processing Requirements: Communication Channel Establishment,The platform should establish direct communication channels between brand sponsorship managers and creators.,High,,Direct communication channels,,Direct communication channels should be secure and private.
Output Requirements: Personal Connection Establishment,The direct communication channels should allow brand sponsorship managers and creators to establish a personal connection.,Medium,,Personal connection between brand sponsorship managers and creators,,
Output Requirements: Partnership Negotiation,The direct communication channels should allow brand sponsorship managers and creators to negotiate partnership terms.,Medium,,Partnership terms negotiated between brand sponsorship managers and creators,,
User Interface Requirements: Messaging or Chat Interface,The messaging or chat features should have a user-friendly interface for brand sponsorship managers and creators to communicate.,Medium,,User-friendly messaging or chat interface,,
User Interface Requirements: File Sharing Interface,The messaging or chat features should have a user-friendly interface for brand sponsorship managers and creators to share files.,Medium,,User-friendly file sharing interface,,
Business Rules: Direct Communication Access,Only brand sponsorship managers and creators should have access to the direct communication channels.,Critical,,,,Direct communication channels should be restricted to brand sponsorship managers and creators.
Business Rules: Communication Privacy,The direct communication channels should ensure the privacy and confidentiality of the conversations between brand sponsorship managers and creators.,Critical,,,,Conversations should be encrypted and secure.
Non Functional Requirements,,,,,,
Title,Description,Type,,,,
Direct Communication Channels Integration,"The platform should integrate with messaging or communication tools (e.g., Slack, Microsoft Teams) to provide direct channels for brand sponsorship managers to communicate and collaborate with creators.",integration,,,,
Real-time Notifications,"The platform should provide real-time notifications to brand sponsorship managers when creators send messages or respond to collaboration opportunities, ensuring timely communication and response.",integration,,,,
Secure Data Exchange,All communication and data exchange between the platform and external messaging or communication tools should be encrypted and follow industry-standard security protocols to protect sensitive information.,integration,,,,
Integration with Creator Profiles,"The platform should integrate with creator profile management systems or APIs to fetch and display up-to-date creator profiles, ensuring accurate and comprehensive information for brand sponsorship managers.",integration,,,,
Integration with Sponsorship Deal Management,"The platform should integrate with sponsorship deal management systems or APIs to facilitate the negotiation, creation, and tracking of sponsorship deals between brand sponsorship managers and creators.",integration,,,,
Scalable User Management,"As the number of creators and brand sponsorship managers increases, the system should be able to handle a larger user base without compromising performance or functionality.",scalability,,,,
Efficient Search and Filtering,"As the number of creators and brands on the platform grows, the system should provide efficient search and filtering capabilities to quickly find and view creator profiles and sponsorship opportunities.",scalability,,,,
Optimized Media Storage and Streaming,"As creators upload and share media content, the system should efficiently store and stream media files, ensuring a seamless experience for users, even with a large volume of media content.",scalability,,,,
Scalable Messaging Infrastructure,"As the number of communication channels between brand sponsorship managers and creators increases, the system should scale its messaging infrastructure to handle a larger volume of messages and ensure timely delivery.",scalability,,,,
Flexible Collaboration Negotiation,"The system should be designed to handle simultaneous collaboration negotiations between brand sponsorship managers and creators, allowing for multiple negotiations to take place without performance degradation.",scalability,,,,
High Availability for Direct Communication Channels,"The system should ensure high availability for the direct communication channels between brand sponsorship managers and creators, with a target uptime of 99.99%, to facilitate uninterrupted collaboration and partnership discussions.",reliability,,,,
Real-time Notifications for New Messages,"The system should provide real-time notifications to brand sponsorship managers and creators for new messages received in the direct communication channels, ensuring timely responses and efficient communication.",reliability,,,,
Secure and Private Communication,"The system should implement robust security measures to protect the privacy and confidentiality of the communication between brand sponsorship managers and creators, including encryption of messages and secure storage of communication data.",reliability,,,,
Scalability of Communication Infrastructure,"The communication infrastructure supporting the direct communication channels should be scalable to handle increasing volumes of messages and users, ensuring smooth communication even during peak usage periods.",reliability,,,,
Backup and Recovery of Communication Data,The system should perform regular backups of communication data and have a reliable recovery process in place to minimize the risk of data loss and ensure continuity of communication in case of system failures or disruptions.,reliability,,,,
Efficient Communication Interface,"The direct communication channels should provide a user-friendly interface that allows brand sponsorship managers to easily initiate and maintain conversations with creators. The interface should support features such as real-time messaging, notifications, and the ability to send and receive multimedia content.",usability,,,,
Clear Collaboration Opportunities,"The communication channels should clearly present collaboration opportunities to brand sponsorship managers, including details about the creator's skills, audience demographics, and previous collaborations. This information should be easily accessible and well-organized to facilitate efficient decision-making.",usability,,,,
Flexible Negotiation Process,"The communication channels should support a flexible negotiation process, allowing brand sponsorship managers to discuss and negotiate partnership terms with creators. The interface should provide features such as file sharing, document signing, and the ability to track and review negotiation history.",usability,,,,
Responsive and Real-time Communication,"The communication channels should be responsive and provide real-time updates to ensure smooth and efficient communication between brand sponsorship managers and creators. Messages should be delivered instantly, and the interface should provide indicators for message status (e.g., read, delivered).",usability,,,,
User-friendly Profile Viewing,"The system should provide a user-friendly interface for brand sponsorship managers to view creators' profiles. The profiles should include relevant information such as the creator's bio, portfolio, social media links, and performance metrics. The interface should be well-designed, visually appealing, and easy to navigate.",usability,,,,
Secure Communication Channels,The platform should provide secure communication channels between brand sponsorship managers and creators to protect sensitive information and prevent unauthorized access.,security,,,,
Authentication and Authorization,The platform should implement robust authentication and authorization mechanisms to ensure that only authorized users can access and modify creator profiles and sponsorship deals.,security,,,,
Data Encryption,"Sensitive data such as personal information, sponsorship terms, and financial details should be encrypted both in transit and at rest to prevent unauthorized access and data breaches.",security,,,,
Access Controls,The platform should enforce granular access controls to restrict access to creator profiles and sponsorship deals based on user roles and permissions.,security,,,,
Secure Storage,"All data stored in the platform, including creator profiles and sponsorship deals, should be securely stored and protected against unauthorized access, tampering, and data loss.",security,,,,
Audit Logging,"The platform should maintain detailed audit logs of user activities, including profile modifications, sponsorship deal negotiations, and communication exchanges, to enable traceability and accountability.",security,,,,
Fast Loading of Creator Profiles,"When viewing creator profiles, the system should load the necessary information and media elements (e.g., images, videos) within 3 seconds to provide a smooth user experience.",performance,,,,
Low Latency in Direct Communication Channels,"The direct communication channels between brand sponsorship managers and creators should have low latency, ensuring that messages are delivered and received within 1 second to facilitate real-time discussions and negotiations.",performance,,,,
High Availability of Communication Channels,"The direct communication channels should be highly available, with a minimum uptime of 99.9%, to ensure that brand sponsorship managers can always reach out to creators and vice versa.",performance,,,,
Efficient Search for Creators,"When searching for creators based on specific criteria (e.g., genre, follower count), the system should return search results within 2 seconds, even during peak usage times.",performance,,,,
Optimized Loading of Collaboration Opportunities,"When loading collaboration opportunities for creators, the system should ensure that the relevant information and media elements (e.g., project details, requirements) are loaded within 4 seconds to maintain creator engagement and interest.",performance,,,,
Data Privacy and Consent Compliance,"The platform should comply with data privacy regulations, including obtaining explicit consent from creators for the collection, storage, and use of their personal information.",regulatory,,,,
Intellectual Property Rights Protection,"The platform should have mechanisms in place to protect the intellectual property rights of creators, ensuring that their content is not used without proper authorization or compensation.",regulatory,,,,
Transparency in Sponsorship Deals,"The platform should provide transparent reporting on sponsorship deals, including details on the terms, compensation, and obligations of both the brand and the creator, to ensure compliance with advertising and disclosure regulations.",regulatory,,,,
Compliance with FTC Guidelines,"The platform should adhere to the Federal Trade Commission (FTC) guidelines for influencer marketing, ensuring that sponsored content is clearly disclosed to the audience.",regulatory,,,,
Age Verification and COPPA Compliance,The platform should implement age verification mechanisms and comply with the Children's Online Privacy Protection Act (COPPA) regulations to protect the privacy and safety of underage creators and users.,regulatory,,,,
