Title,Advanced Search Filters,Unnamed: 2,Unnamed: 3,Unnamed: 4,Unnamed: 5,Unnamed: 6
Description,Marketing professionals can search for creators with specific criteria to find the right influencers for their campaigns.,,,,,
,,,,,,
Features,,,,,,
Title,Description,,,,,
Advanced Search Filters,Marketing professionals can search for creators with specific criteria to find the right influencers for their campaigns.,,,,,
User Stories,,,,,,
Title,Description,Benefit,Acceptance Criteria,Difficulty,Priority,
Advanced Search Filters,"As a marketing professional, I want to be able to search for creators with specific criteria so that I can find the right influencers for my campaigns.",Enables the user to narrow down their search and find creators who meet their specific requirements.,"The platform should provide a variety of search filters, such as location, audience demographics, engagement rate, and content category.The search results should be accurate and relevant to the specified criteria.",Medium,High,
Access Detailed Creator Profiles,"As a brand sponsorship manager, I want to easily find and access detailed profiles of creators on the platform so that I can evaluate their suitability for brand partnerships.",Enables the brand sponsorship manager to make informed decisions about potential collaborations based on creators' profiles.,"The platform should provide comprehensive creator profiles that include information such as audience demographics, engagement metrics, previous brand partnerships, and sample content.The profiles should be easily accessible and navigable.",Medium,High,
Functional Requirements,,,,,,
Title,Description,Priority,Inputs,Outputs,Processes,Constraints
Input Requirements: Search Filters,"Marketing professionals can input specific criteria such as location, audience demographics, engagement rate, and content category to search for creators.",High,"Location,Audience Demographics,Engagement Rate,Content Category",List of creators matching the search criteria.,"Marketing professional inputs search criteria.,System processes and matches creators based on search criteria.",Creators must have provided the required information for the search criteria.
Output Requirements: Accurate Search Results,The system should provide accurate and relevant search results based on the specified search criteria.,High,,,,Search results are based on the provided search criteria.
Output Requirements: Creator Profiles,"The system should provide comprehensive creator profiles that include information such as audience demographics, engagement metrics, previous brand partnerships, and sample content.",High,,Detailed creator profiles.,,Creators must have provided the required information for their profiles.
User Interface Requirements: Creator Profile Navigation,The user interface should provide easy navigation to access and view detailed creator profiles.,Medium,,,User interacts with the user interface to access creator profiles.,
Business Rules: Creator Classification,Only creators who have registered and provided the necessary information will be displayed in the search results and have detailed profiles.,Critical,,,,Only registered creators with complete profiles are displayed.
Non Functional Requirements,,,,,,
Title,Description,Type,,,,
Compliance with Intellectual Property Rights,"The platform should ensure that all content shared and used by creators and brands complies with intellectual property rights, including copyrights and trademarks.",regulatory,,,,
Data Privacy and Consent,"The platform should adhere to data privacy regulations and obtain explicit consent from creators and brands for the collection, storage, and use of their personal information.",regulatory,,,,
Transparency in Sponsorship Disclosures,The platform should require creators to clearly disclose sponsored content to maintain transparency and comply with advertising regulations.,regulatory,,,,
Compliance with FTC Guidelines,The platform should ensure that creators and brands comply with the Federal Trade Commission (FTC) guidelines for endorsements and testimonials.,regulatory,,,,
Age Verification for COPPA Compliance,"If the platform allows creators under the age of 13, it should implement age verification mechanisms to comply with the Children's Online Privacy Protection Act (COPPA).",regulatory,,,,
Integration with Social Media APIs,"The platform should integrate with popular social media APIs (such as Instagram, YouTube) to fetch creators' profiles and social media metrics, enabling marketing professionals to make informed decisions when selecting influencers.",integration,,,,
Secure Authentication and Authorization,The platform should implement secure authentication and authorization mechanisms (such as OAuth 2.0) to ensure that only authorized users can access and interact with the system's features and data.,integration,,,,
Real-time Notifications,"The platform should provide real-time notifications to marketing professionals when new creators matching their search criteria become available, ensuring timely access to potential influencers.",integration,,,,
Integration with Payment Gateways,"The platform should integrate with payment gateways (such as Stripe, PayPal) to facilitate sponsorship deal transactions between marketing professionals, creators, and brands, ensuring secure and seamless payment processing.",integration,,,,
API Documentation and Developer Support,"The platform should provide comprehensive API documentation and developer support, enabling third-party developers to integrate their applications with the platform's features and data.",integration,,,,
Fast Search Results,"When marketing professionals search for creators using specific criteria, the search results should be displayed within 2 seconds to provide a seamless user experience.",performance,,,,
Scalability,"The platform should be able to handle a large number of concurrent searches without any degradation in performance, ensuring that marketing professionals can find creators quickly even during peak usage times.",performance,,,,
Optimized Profile Loading,"When marketing professionals view creator profiles, the profiles should load within 3 seconds, including all relevant information and media elements, to provide a smooth browsing experience.",performance,,,,
Efficient Sponsorship Deal Signing,"When marketing professionals sign creators for sponsorship deals, the process should be completed within 5 seconds, ensuring a quick and efficient workflow.",performance,,,,
Responsive Content Production Collaboration,"The platform should provide real-time collaboration features for musicians and influencers to work together on content production, ensuring instant updates and responsiveness.",performance,,,,
Scalable User Profile Storage,"As the number of creators and marketing professionals increases, the system should be able to handle the storage and retrieval of user profiles efficiently, ensuring quick access to relevant information during searches and collaborations.",scalability,,,,
Horizontal Scalability for Search Filters,"To handle increased search traffic and complex filtering criteria, the system should be horizontally scalable, allowing for the addition of more search servers to distribute the load and maintain fast response times.",scalability,,,,
Elastic Content Delivery for Media Assets,"As the platform grows and more creators join, the system should leverage content delivery networks (CDNs) to ensure scalable and fast delivery of media assets, such as images and videos, to users worldwide.",scalability,,,,
Efficient Database Indexing for Search Queries,"To support advanced search filters and quick retrieval of relevant creators, the system should implement efficient database indexing strategies, optimizing query performance and scalability as the number of creators and search queries increase.",scalability,,,,
Scalable Collaboration Tools,"As the number of collaborations between creators and marketing professionals increases, the system should be able to handle concurrent collaboration requests, ensuring smooth communication and efficient content production.",scalability,,,,
Efficient Creator Search,"The platform should provide a fast and responsive search feature that allows marketing professionals to quickly find creators based on specific criteria, such as location, genre, follower count, engagement rate, and content type.",usability,,,,
Clear and Concise Creator Profiles,"Each creator's profile should present essential information in a clear and concise manner, including their bio, social media handles, audience demographics, previous collaborations, and performance metrics. The profile should be visually appealing and easy to navigate.",usability,,,,
Intuitive Filter Options,"The search filters should be intuitive and easy to use, allowing marketing professionals to refine their search results based on various criteria, such as age, gender, location, language, and interests. The filters should provide clear options and allow for multiple selections.",usability,,,,
Responsive and Mobile-Friendly Design,"The platform should be responsive and optimized for mobile devices, ensuring a seamless user experience across different screen sizes and resolutions. All features and functionalities should be accessible and easy to use on mobile devices.",usability,,,,
Effortless Collaboration Initiation,"The platform should provide a seamless process for marketing professionals to initiate collaboration with creators. This includes clear and easy-to-understand instructions, a straightforward interface for sending collaboration requests, and real-time notifications for both parties.",usability,,,,
Secure User Authentication,"The platform should implement secure user authentication mechanisms, such as multi-factor authentication or strong password policies, to prevent unauthorized access to user accounts.",security,,,,
Data Encryption,"Sensitive user data, such as personal information and payment details, should be encrypted both at rest and in transit to protect against unauthorized access or data breaches.",security,,,,
Access Controls,The platform should have granular access controls to ensure that only authorized users can view and modify sensitive data. Different roles and permissions should be implemented to restrict access based on user privileges.,security,,,,
Secure Communication Channels,"All communication between users, including messaging and file sharing, should be encrypted to protect against eavesdropping or interception of sensitive information.",security,,,,
Secure Payment Processing,"When processing payments for sponsorship deals, the platform should integrate with secure payment gateways and adhere to industry-standard security protocols to protect financial transactions and prevent fraud.",security,,,,
Regular Security Audits,The platform should undergo regular security audits and vulnerability assessments to identify and address any potential security weaknesses or vulnerabilities.,security,,,,
High Availability for Advanced Search Filters,"The system should ensure that the Advanced Search Filters feature remains available with a target uptime of 99.99%, allowing marketing professionals to find creators at any time.",reliability,,,,
Fault Tolerance for Advanced Search Filters,"In the event of a system failure or disruption, the Advanced Search Filters feature should have built-in fault tolerance mechanisms to minimize downtime and ensure uninterrupted access for marketing professionals.",reliability,,,,
Data Integrity for Advanced Search Filters,"The system should maintain the integrity of the data used in the Advanced Search Filters feature, ensuring that the search results accurately reflect the criteria specified by marketing professionals.",reliability,,,,
Scalability for Advanced Search Filters,"The system should be able to handle increasing search requests from marketing professionals without degradation in performance, ensuring a smooth user experience even during peak usage periods.",reliability,,,,
Backup and Recovery for Advanced Search Filters,The system should perform regular backups of the Advanced Search Filters feature data and have a robust recovery process in place to quickly restore functionality in the event of data loss or system failure.,reliability,,,,
,,,,,,
,,,,,,
Title,Description,,,,,
Brand Collaboration Contract Management,Brand sponsorship managers can manage and store collaboration contracts and agreements with creators on the platform.,,,,,
User Stories,,,,,,
Title,Description,Benefit,Acceptance Criteria,Difficulty,Priority,
Advanced Search Filters,"As a marketing professional, I want to be able to search for creators with specific criteria so that I can find the right influencers for my campaigns.",Enables the user to narrow down their search and find creators who meet their specific requirements.,"The platform should provide a variety of search filters, such as location, audience demographics, engagement rate, and content category.The search results should be accurate and relevant to the specified criteria.",Medium,High,
Filter Creator Search Results,"As a brand sponsorship manager, I want to be able to filter and narrow down the search results based on specific criteria so that I can find creators who align with the brand's values and target audience.",Saves time and effort by allowing the brand sponsorship manager to focus on relevant creators for potential collaborations.,"The platform should provide search filters such as audience demographics, content category, engagement metrics, location, and previous brand partnerships.The filters should effectively refine the search results.",Medium,High,
Manage Collaboration Contracts,"As a brand sponsorship manager, I want to have a centralized platform to manage and store collaboration contracts and agreements with creators so that I can easily access and refer to them when needed.",Streamlines the contract management process and ensures easy access to important legal documents.,"The platform should provide a secure and organized space to upload, store, and manage collaboration contracts.The contracts should be easily accessible from the brand sponsorship manager's profile or a dedicated section.",Medium,Medium,
Functional Requirements,,,,,,
Title,Description,Priority,Inputs,Outputs,Processes,Constraints
Input Requirements: Creator Search Filters,"Users can input specific criteria such as location, audience demographics, engagement rate, and content category to search for creators.",High,"Location,Audience Demographics,Engagement Rate,Content Category",List of creators matching the filter criteria.,"User sets search filter criteria.,System processes and matches creators based on filters.",Only creators with available data for the specified criteria are displayed.
Processing Requirements: Creator Search Results,"Based on user input, the system will sort and display creators according to relevance, engagement rate, or content category.",Medium,Sorting Preference,Sorted list of creators.,"User selects sorting preference.,System sorts creators based on preference.",Sorting is based on available data for each creator.
User Interface Requirements: Interactive Filters,"Provide checkboxes, dropdowns, and sliders for users to easily filter creators.",High,,Filtered view of creators.,User interacts with UI elements to set filters.,UI elements are based on available filter criteria.
Business Rules: Creator Classification,Only creators classified under specific categories by the platform or users will be displayed in the search results.,Critical,,,,Only creators with specified classifications are displayed.
Input Requirements: Collaboration Contract Upload,Brand sponsorship managers can upload collaboration contracts and agreements with creators.,Medium,Collaboration Contract,Uploaded collaboration contract.,Brand sponsorship manager uploads collaboration contract.,Only authorized brand sponsorship managers can upload contracts.
Processing Requirements: Collaboration Contract Storage,The system will store and organize collaboration contracts and agreements with creators.,High,,,,Collaboration contracts are securely stored and accessible to authorized users.
Output Requirements: Collaboration Contract Access,Brand sponsorship managers can easily access and refer to collaboration contracts and agreements with creators.,High,,Accessible collaboration contracts.,,Only authorized brand sponsorship managers can access contracts.
Non Functional Requirements,,,,,,
Title,Description,Type,,,,
Secure Storage of Collaboration Contracts,The platform should ensure the secure storage of collaboration contracts and agreements between brand sponsorship managers and creators. This includes implementing encryption and access controls to protect the confidentiality and integrity of the contracts.,security,,,,
Authentication and Authorization,"The platform should implement robust authentication and authorization mechanisms to ensure that only authorized users can access and manage collaboration contracts. This includes features such as strong password policies, multi-factor authentication, and role-based access controls.",security,,,,
Secure Transmission of Contracts,"When collaboration contracts are transmitted between brand sponsorship managers and creators, the platform should ensure secure communication channels. This includes using encryption protocols such as SSL/TLS to protect the confidentiality and integrity of the contracts during transmission.",security,,,,
Audit Trail,"The platform should maintain an audit trail of all activities related to collaboration contracts. This includes logging user actions, such as contract creation, modification, and access, to detect and investigate any unauthorized or suspicious activities.",security,,,,
Data Backup and Recovery,"The platform should regularly backup collaboration contracts and have a robust data recovery plan in place. This ensures that contracts can be restored in the event of data loss or system failure, maintaining the availability and continuity of the contract management feature.",security,,,,
Intuitive Collaboration Contract Management,"The platform should provide a user-friendly and intuitive interface for brand sponsorship managers to manage and store collaboration contracts and agreements with creators. The process should be easy to understand and navigate, reducing the potential for errors or confusion.",usability,,,,
Clear Contract Information,"The platform should display contract details in a clear and organized manner, including key information such as contract terms, payment details, deliverables, and timelines. This ensures that brand sponsorship managers can easily review and understand the terms of the collaboration.",usability,,,,
High Availability for Contract Management,"The platform should ensure high availability for the brand collaboration contract management feature, with a target uptime of 99.99%, to minimize disruptions in contract management and ensure timely collaboration between brands and creators.",reliability,,,,
Data Integrity for Contract Storage,"The platform should ensure the integrity of stored collaboration contracts and agreements, preventing data corruption or loss, to maintain the accuracy and reliability of contract information.",reliability,,,,
Secure Access to Contract Data,"The platform should enforce secure access controls and authentication mechanisms to ensure that only authorized users can view and manage collaboration contracts, protecting sensitive contract information from unauthorized access.",reliability,,,,
Backup and Recovery of Contract Data,The platform should perform regular backups of collaboration contract data and implement a robust recovery process to minimize the risk of data loss and enable quick restoration in the event of system failures or disasters.,reliability,,,,
Real-time Notifications for Contract Updates,"The platform should provide real-time notifications to brand sponsorship managers and creators when there are updates or changes to collaboration contracts, ensuring timely communication and reducing the risk of miscommunication or missed contract updates.",reliability,,,,
Scalable User Profile Storage,"As the number of creators and brands on the platform increases, the system should be able to handle the storage and retrieval of large amounts of user profile data efficiently.",scalability,,,,
Horizontal Scalability for Collaboration Contract Management,"To accommodate a growing number of brand collaboration contracts, the system should be designed to scale horizontally, allowing for the addition of more servers or instances to handle the increased load.",scalability,,,,
Efficient Search and Filtering of Creators,"As the number of creators on the platform grows, the system should be able to perform fast and efficient search and filtering operations to help brands find relevant creators for sponsorship deals.",scalability,,,,
Scalable Media Storage and Streaming,"The platform may host a large amount of media content, including videos and images. The system should be able to scale its media storage and streaming capabilities to ensure smooth playback and fast content delivery, even with a growing number of users and content uploads.",scalability,,,,
High Availability and Redundancy for Contract Management,"To ensure uninterrupted access to collaboration contracts and agreements, the system should be designed with high availability and redundancy measures, such as data replication and failover mechanisms.",scalability,,,,
Contract Compliance,The platform should ensure that all collaboration contracts and agreements between brand sponsorship managers and creators comply with legal and regulatory requirements.,regulatory,,,,
Data Privacy and Consent,The platform should comply with data privacy regulations and obtain appropriate consent from creators for storing and processing their personal information.,regulatory,,,,
Intellectual Property Rights Protection,"The platform should have mechanisms in place to protect the intellectual property rights of creators, ensuring that their content is not used without proper authorization or attribution.",regulatory,,,,
Transparency in Sponsorship Deals,"The platform should provide transparency in sponsorship deals, ensuring that creators have access to information about the terms, conditions, and compensation of the collaboration.",regulatory,,,,
Compliance with Advertising Standards,"The platform should comply with advertising standards and regulations, ensuring that sponsored content is clearly labeled and does not violate any guidelines.",regulatory,,,,
Efficient Contract Search and Retrieval,"The platform should provide robust search and retrieval capabilities for collaboration contracts. Brand sponsorship managers should be able to quickly locate specific contracts based on criteria such as creator name, contract date, or brand name. This saves time and improves productivity.",usability,,,,
Collaborator Profile Integration,"The platform should integrate with the creator profiles, allowing brand sponsorship managers to access relevant information about the creators involved in the collaboration. This includes details such as creator's audience demographics, engagement metrics, and previous collaborations. Having this information readily available helps brand sponsorship managers make informed decisions.",usability,,,,
Secure Contract Storage,"The platform should ensure the secure storage of collaboration contracts and agreements. This includes implementing appropriate access controls, encryption, and backup mechanisms to protect sensitive contract information from unauthorized access, loss, or corruption.",usability,,,,
Fast Contract Retrieval,"When brand sponsorship managers search for and retrieve collaboration contracts, the system should return results within 2 seconds to ensure efficient contract management.",performance,,,,
Scalable Contract Storage,"The system should be able to handle a large number of collaboration contracts without performance degradation, ensuring smooth contract management even as the number of contracts increases.",performance,,,,
Secure Contract Access,"Access to collaboration contracts should be restricted to authorized brand sponsorship managers, ensuring the confidentiality and integrity of the contract data.",performance,,,,
Efficient Contract Update,"When brand sponsorship managers update collaboration contracts, the system should process the changes and reflect them in the contract database within 3 seconds, providing real-time contract management.",performance,,,,
Reliable Contract Backup,The system should regularly backup collaboration contracts to prevent data loss and ensure the availability of contract information in case of system failures or disasters.,performance,,,,
Integration with Digital Signature Service,The system should integrate with a digital signature service to enable creators and brand sponsorship managers to electronically sign collaboration contracts and agreements.,integration,,,,
Secure Storage of Collaboration Contracts,"The system should securely store collaboration contracts and agreements, ensuring confidentiality and data integrity.",integration,,,,
Integration with Document Management System,"The system should integrate with a document management system to facilitate efficient storage, retrieval, and version control of collaboration contracts and agreements.",integration,,,,
Real-time Contract Status Updates,"The system should provide real-time updates on the status of collaboration contracts and agreements, allowing brand sponsorship managers to track progress and ensure timely execution.",integration,,,,
Integration with Email Notification Service,"The system should integrate with an email notification service to send automated notifications to creators and brand sponsorship managers regarding contract updates, deadlines, and other relevant information.",integration,,,,
