Title,Simplified Sponsorship Deal Negotiation,Unnamed: 2,Unnamed: 3,Unnamed: 4,Unnamed: 5,Unnamed: 6
Description,Marketing professionals can use the platform to facilitate the negotiation process for sponsorship deals with creators.,,,,,
,,,,,,
Features,,,,,,
Title,Description,,,,,
Simplified Sponsorship Deal Negotiation,Marketing professionals can use the platform to facilitate the negotiation process for sponsorship deals with creators.,,,,,
User Stories,,,,,,
Title,Description,Benefit,Acceptance Criteria,Difficulty,Priority,
Simplified Sponsorship Deal Negotiation,"As a marketing professional, I want the platform to facilitate the negotiation process for sponsorship deals with creators.","Streamlines the sponsorship deal negotiation process, making it easier and more efficient for both parties.","The platform should provide a feature for initiating and managing sponsorship deal negotiations, including proposal submission, counteroffers, and agreement tracking.The negotiation process should be transparent and allow for clear communication between marketers and creators.",Medium,Medium,
Functional Requirements,,,,,,
Title,Description,Priority,Inputs,Outputs,Processes,Constraints
Input Requirements: Sponsorship Deal Details,"Users can input the details of the sponsorship deal, including budget, duration, deliverables, and target audience.",High,"Budget,Duration,Deliverables,Target Audience",,User enters the details of the sponsorship deal.,
Input Requirements: Proposal Submission,Creators can submit their sponsorship proposals to marketers.,Medium,,,Creator submits the sponsorship proposal.,
Input Requirements: Counteroffers,Marketers can submit counteroffers to creators' sponsorship proposals.,Medium,,,Marketer submits the counteroffer.,
Input Requirements: Agreement Tracking,Users can track the progress and status of sponsorship deal agreements.,Low,,,User views the agreement tracking section.,
Processing Requirements: Transparent Communication,The platform should provide a messaging feature for clear communication between marketers and creators during the negotiation process.,High,,,User sends messages through the platform.,
Output Requirements: Negotiation History,"The platform should keep a record of all negotiation activities, including proposal submissions, counteroffers, and agreement tracking.",Medium,,Negotiation history log.,,
User Interface Requirements: Sponsorship Deal Form,Provide a user-friendly form for users to input the details of the sponsorship deal.,High,,,,
User Interface Requirements: Proposal Submission Form,Provide a user-friendly form for creators to submit their sponsorship proposals.,Medium,,,,
User Interface Requirements: Counteroffer Form,Provide a user-friendly form for marketers to submit counteroffers to creators' sponsorship proposals.,Medium,,,,
User Interface Requirements: Agreement Tracking Section,Provide a user-friendly section for users to track the progress and status of sponsorship deal agreements.,Low,,,,
Business Rules: Negotiation Process,"The negotiation process should follow a predefined sequence of proposal submission, counteroffers, and agreement tracking.",Critical,,,,
Business Rules: Communication Privacy,The messaging feature should ensure the privacy and security of communication between marketers and creators.,High,,,,
Non Functional Requirements,,,,,,
Title,Description,Type,,,,
Fast Sponsorship Deal Negotiation,"The platform should facilitate the negotiation process for sponsorship deals with creators in real-time, ensuring that the system responds within 2 seconds to provide a smooth and efficient experience for marketing professionals.",performance,,,,
Quick Loading of Creator Profiles,"When viewing creator profiles, the platform should load all relevant information, including bio, portfolio, and social media links, within 3 seconds to maintain user engagement and enable quick decision-making for record labels and brands.",performance,,,,
Efficient Search for Creators,"When searching for creators based on specific criteria (e.g., genre, follower count), the platform should return search results within 4 seconds, even during peak usage times, to ensure timely access to potential collaboration opportunities.",performance,,,,
Smooth Media Playback,"When playing media content (e.g., music tracks, videos) associated with creator profiles, the platform should ensure smooth playback with minimal buffering or lag, providing a seamless experience for record labels and brands.",performance,,,,
Responsive Sponsorship Deal Dashboard,"The sponsorship deal dashboard should respond to user interactions (e.g., filtering, sorting) within 2 seconds, allowing marketing professionals to efficiently manage and track their sponsorship deals with creators.",performance,,,,
Secure User Authentication,"The platform should implement secure user authentication mechanisms, such as multi-factor authentication, to prevent unauthorized access to user accounts.",security,,,,
Data Encryption,"Sensitive user data, such as personal information and sponsorship deal details, should be encrypted both at rest and in transit to protect against unauthorized access.",security,,,,
Access Controls,The platform should enforce role-based access controls to ensure that only authorized users have access to specific features and data.,security,,,,
Secure Sponsorship Deal Negotiation,"The platform should provide secure channels for marketing professionals to negotiate sponsorship deals with creators, ensuring that the communication and deal details are protected from interception or tampering.",security,,,,
Protection against Malicious Content,"The platform should implement mechanisms to detect and prevent the sharing of malicious content, such as malware-infected files or links, to protect users from potential security threats.",security,,,,
Scalable User Profile Storage,"As the number of creators and users on the platform grows, the system should be able to handle the increased storage requirements for user profiles efficiently.",scalability,,,,
Horizontal Scalability for Collaboration Features,"As the platform gains popularity and more creators collaborate, the system should be able to horizontally scale to handle the increased demand for collaboration features, such as real-time messaging and file sharing.",scalability,,,,
Efficient Search and Filtering for Brands and Record Labels,"As the number of creators on the platform increases, the system should be able to efficiently handle search and filtering operations for brands and record labels, ensuring quick retrieval of relevant creator profiles.",scalability,,,,
Scalable Sponsorship Deal Negotiation,"As the number of sponsorship deals and negotiations on the platform grows, the system should be able to handle the increased load and provide a responsive and efficient negotiation process for marketing professionals.",scalability,,,,
Optimized Media Storage and Streaming,"The platform may host a large amount of media content, including videos and images. The system should be able to efficiently store and stream media files, ensuring a seamless experience for users, even during peak usage periods.",scalability,,,,
Compliance with Intellectual Property Rights,"The platform should ensure that all content shared and used by creators and brands comply with intellectual property rights, including copyright and trademark laws.",regulatory,,,,
Data Privacy and Consent,"The platform should comply with data privacy regulations, ensuring that user data is collected, stored, and processed with proper consent and in accordance with applicable laws.",regulatory,,,,
Transparency in Sponsorship Disclosures,"The platform should require creators to disclose any sponsorship or paid partnership in their content, in compliance with advertising and disclosure regulations.",regulatory,,,,
Financial Transaction Security,"The platform should implement secure payment processing and financial transaction mechanisms to protect the financial data of creators, brands, and users.",regulatory,,,,
Age Verification and COPPA Compliance,The platform should implement age verification mechanisms to ensure compliance with the Children's Online Privacy Protection Act (COPPA) and other regulations related to the protection of minors.,regulatory,,,,
Compliance with FTC Guidelines,"The platform should comply with the Federal Trade Commission (FTC) guidelines for influencer marketing and endorsements, ensuring that creators and brands adhere to disclosure requirements.",regulatory,,,,
Intuitive Creator Search,"The platform should provide a user-friendly search feature that allows marketing professionals to easily find creators based on criteria such as genre, location, follower count, and engagement rate.",usability,,,,
Clear Creator Profiles,"Each creator's profile should present relevant information in a clear and organized manner, including their bio, social media links, content samples, audience demographics, and previous sponsorship collaborations.",usability,,,,
Efficient Deal Negotiation,"The sponsorship deal negotiation process should be streamlined and intuitive, providing a user-friendly interface for marketing professionals to communicate and finalize terms with creators.",usability,,,,
Transparent Deal History,"The platform should maintain a transparent record of past sponsorship deals, allowing marketing professionals to easily access and review previous collaborations, including deal terms, performance metrics, and feedback.",usability,,,,
Responsive Design,"The platform should be responsive and accessible across different devices and screen sizes, ensuring a consistent and user-friendly experience for marketing professionals accessing the platform from desktops, laptops, tablets, and mobile devices.",usability,,,,
Integration with Social Media Platforms,"The platform should integrate with popular social media platforms (e.g., Instagram, YouTube) to allow creators to connect their accounts and showcase their content to potential sponsors.",integration,,,,
API Integration with Sponsorship Platforms,"The platform should provide APIs or integration capabilities to allow seamless integration with existing sponsorship platforms, enabling marketing professionals to access creator profiles and negotiate sponsorship deals directly from their preferred platforms.",integration,,,,
Secure Data Exchange with Record Labels and Brands,"When exchanging data with record labels and brands, the platform should ensure secure communication channels, using encryption and authentication mechanisms to protect sensitive information and maintain data integrity.",integration,,,,
Real-time Notifications for Sponsorship Deal Negotiation,"The platform should support real-time notifications to inform marketing professionals and creators about updates and changes during the negotiation process for sponsorship deals, ensuring timely communication and reducing delays.",integration,,,,
Integration with Payment Gateways,"The platform should integrate with payment gateways (e.g., PayPal, Stripe) to facilitate secure and efficient payment processing for sponsorship deals, ensuring seamless transactions between sponsors and creators.",integration,,,,
High Availability for Sponsorship Deal Negotiation,"The platform should ensure high availability for the sponsorship deal negotiation feature, with a target uptime of 99.99%, to minimize disruptions in the negotiation process and maintain user trust.",reliability,,,,
Data Integrity for Sponsorship Deal Records,"The platform should ensure the integrity of sponsorship deal records, preventing data corruption or loss, to maintain accurate and reliable information for marketing professionals and creators.",reliability,,,,
Secure Communication for Sponsorship Deal Negotiation,"The platform should provide secure communication channels for sponsorship deal negotiation, using encryption and authentication mechanisms, to protect sensitive information and maintain privacy.",reliability,,,,
Backup and Recovery of Sponsorship Deal Data,"The platform should perform regular backups of sponsorship deal data and have a recovery process in place to minimize the impact of data loss or system failures, ensuring the availability of critical information.",reliability,,,,
Scalability for Increased Sponsorship Deal Activity,"The platform should be able to handle increased activity and user load during peak periods of sponsorship deal negotiation, ensuring smooth performance and responsiveness to meet user expectations.",reliability,,,,
