Title,Verify Creators' Credibility,Unnamed: 2,Unnamed: 3,Unnamed: 4,Unnamed: 5,Unnamed: 6
Description,Content production managers can easily verify the credibility and authenticity of creators.,,,,,
,,,,,,
Features,,,,,,
Title,Description,,,,,
Verify Creators' Credibility,Content production managers can easily verify the credibility and authenticity of creators.,,,,,
User Stories,,,,,,
Title,Description,Benefit,Acceptance Criteria,Difficulty,Priority,
Verify Creators' Credibility,"As a content production manager, I want to easily verify the credibility and authenticity of creators.",Ensures trust and reliability in selecting creators for collaborations.,"Creators' profiles should include verified credentials, such as certifications or awards.The platform should have a rating and review system for creators based on past collaborations.The platform should allow users to report and flag suspicious or fraudulent activity.",High,High,
Functional Requirements,,,,,,
Title,Description,Priority,Inputs,Outputs,Processes,Constraints
Input Requirements: Creator Credentials,Content production managers can input and view creators' verified credentials such as certifications or awards.,High,Verified Credentials,Creators' verified credentials,"Content production manager inputs creators' verified credentials.,System displays creators' verified credentials.",Verified credentials must be valid and up-to-date.
Processing Requirements: Rating and Review System,The platform should have a rating and review system for creators based on past collaborations.,Medium,,Creators' ratings and reviews,Users rate and review creators based on past collaborations.,Ratings and reviews must be based on genuine collaborations.
Processing Requirements: Reporting Suspicious Activity,The platform should allow users to report and flag suspicious or fraudulent activity.,High,,Reported suspicious or fraudulent activity,Users report suspicious or fraudulent activity.,Reported activity must be reviewed and addressed by the platform administrators.
Non Functional Requirements,,,,,,
Title,Description,Type,,,,
Integration with Social Media APIs,"The platform should integrate with popular social media APIs (such as Instagram, YouTube) to allow creators to easily connect their social media accounts and showcase their follower count and engagement metrics.",integration,,,,
Secure Authentication and Authorization,The platform should integrate with industry-standard authentication and authorization protocols (such as OAuth 2.0) to ensure secure access to creators' profiles and prevent unauthorized access.,integration,,,,
Real-time Content Collaboration,"The platform should provide real-time collaboration features, allowing creators and content production managers to work together seamlessly on content production, including file sharing, commenting, and version control.",integration,,,,
Integration with Digital Asset Management Systems,"The platform should integrate with digital asset management systems (such as Dropbox, Google Drive) to enable creators and content production managers to easily access and manage their media assets for content production.",integration,,,,
Integration with Sponsorship Management Systems,"The platform should integrate with sponsorship management systems (such as Salesforce, HubSpot) to enable record labels and brands to view creators' profiles and manage sponsorship deals efficiently.",integration,,,,
Data Synchronization with External Platforms,"The platform should support data synchronization with external platforms (such as social media platforms, CRM systems) to ensure that creators' profile information, follower count, and engagement metrics are up-to-date and accurate.",integration,,,,
Authentication and Authorization,"The platform should implement secure authentication and authorization mechanisms to ensure that only authorized users can access and modify creator profiles and sponsorship deals. This includes features such as strong password policies, multi-factor authentication, and role-based access controls.",security,,,,
Data Encryption,"Sensitive data, such as creator profiles and sponsorship deal details, should be encrypted both at rest and in transit. This includes using industry-standard encryption algorithms and protocols to protect data from unauthorized access or interception.",security,,,,
Secure API Integration,"The platform should securely integrate with external APIs, such as social media platforms and payment gateways, to ensure the confidentiality and integrity of data exchanged. This includes implementing secure communication protocols, validating API responses, and protecting API keys and access tokens.",security,,,,
Secure Content Upload,"Creators should be able to upload content securely to the platform. This includes implementing measures to prevent malicious file uploads, such as file type validation, scanning for malware, and enforcing file size limits.",security,,,,
Secure Sponsorship Deal Management,"The platform should ensure the security and integrity of sponsorship deals between creators and brands. This includes implementing measures to prevent unauthorized modifications or tampering of deal details, as well as providing secure channels for communication and negotiation.",security,,,,
Protection against Account Takeover,"The platform should have measures in place to detect and prevent unauthorized access to creator accounts. This includes implementing account lockouts after multiple failed login attempts, monitoring for suspicious login activity, and providing mechanisms for creators to report and recover compromised accounts.",security,,,,
High Availability for Collaboration Platform,"The platform should have a high availability rate of at least 99.99% to ensure uninterrupted access for musicians, influencers, record labels, and brands.",reliability,,,,
Data Integrity and Security,"The platform should implement robust security measures to protect user data, including encryption, access controls, and regular security audits.",reliability,,,,
Scalability for Growing User Base,"The platform should be able to handle increasing user traffic and data volume as the user base grows, without compromising performance or user experience.",reliability,,,,
Backup and Disaster Recovery,The platform should have regular backups of user data and implement a disaster recovery plan to minimize data loss and ensure quick recovery in case of system failures or disasters.,reliability,,,,
Real-time Collaboration Performance,"The platform should provide real-time collaboration capabilities with minimal latency, ensuring smooth and responsive interactions between musicians, influencers, and content production managers.",reliability,,,,
Fast Creator Verification,"The system should verify the credibility and authenticity of creators within 5 seconds, ensuring content production managers can quickly assess potential collaborators.",performance,,,,
Responsive Creator Profile Loading,"When viewing creator profiles, the system should load all relevant information and media within 3 seconds, providing a smooth user experience.",performance,,,,
Efficient Search for Creators,"When searching for creators based on specific criteria (e.g., genre, follower count), search results should be displayed within 2 seconds, even during peak usage times.",performance,,,,
Optimized Sponsorship Deal Signing,"The system should ensure that the signing process for sponsorship deals with creators takes no longer than 4 seconds, facilitating efficient collaboration between creators and brands.",performance,,,,
Easy Creator Verification,The platform should provide a simple and efficient process for content production managers to verify the credibility and authenticity of creators. This process should include clear instructions and minimal steps.,usability,,,,
Transparent Verification Results,"After verifying a creator's credibility, the platform should display the results in a clear and transparent manner. This includes providing information on the verification criteria used, the status of the verification process, and any relevant details or documentation.",usability,,,,
User-Friendly Verification Interface,"The interface for verifying creators' credibility should be intuitive and user-friendly. It should have clear labels, easy-to-understand instructions, and provide feedback or guidance to content production managers throughout the verification process.",usability,,,,
Efficient Verification Workflow,"The platform should streamline the verification workflow to minimize the time and effort required by content production managers. This includes automating certain verification steps, providing pre-filled forms or templates, and integrating with external verification services or databases when applicable.",usability,,,,
Secure Verification Process,"The platform should ensure the security and privacy of the verification process. This includes implementing appropriate data protection measures, such as encryption and access controls, and complying with relevant privacy regulations.",usability,,,,
Verification of Creator's Identity,The platform should have a robust identity verification process in place to ensure that the creators' identities are verified and authentic.,regulatory,,,,
Compliance with Intellectual Property Rights,"The platform should enforce strict compliance with intellectual property rights, ensuring that creators' content does not infringe on any copyrights or trademarks.",regulatory,,,,
Secure Payment Processing,"The platform should implement secure payment processing mechanisms to protect the financial transactions between creators, record labels, and brands.",regulatory,,,,
Data Privacy and Consent,"The platform should adhere to data privacy regulations and obtain explicit consent from creators for the collection, storage, and processing of their personal information.",regulatory,,,,
Transparency in Sponsorship Deals,"The platform should provide transparent reporting on sponsorship deals, including details of the terms, compensation, and obligations for both creators and sponsors.",regulatory,,,,
Scalable User Profile Verification,"As the number of creators and content production managers increases, the system should be able to handle a larger volume of profile verification requests without compromising performance or response time.",scalability,,,,
Efficient Search and Filtering of Creators,"As the number of creators on the platform grows, the system should ensure quick and efficient search and filtering capabilities, allowing record labels and brands to easily find and evaluate potential collaborators.",scalability,,,,
Horizontal Scalability for Increased Traffic,"The system should be designed to horizontally scale by adding more servers or instances to handle increased traffic and user activity, ensuring a smooth user experience even during peak usage periods.",scalability,,,,
Optimized Content Delivery for Global Users,"To cater to a global user base, the system should leverage content delivery networks (CDNs) to ensure fast and reliable content delivery regardless of the user's geographical location.",scalability,,,,
Scalable Data Storage and Processing,"As the platform accumulates a large amount of user-generated content and data, the system should be able to scale its storage and processing capabilities to handle the growing data volume efficiently.",scalability,,,,
