Title,Access Detailed Creator Profiles,Unnamed: 2,Unnamed: 3,Unnamed: 4,Unnamed: 5,Unnamed: 6
Description,Brand sponsorship managers can easily find and access detailed profiles of creators on the platform to evaluate their suitability for brand partnerships.,,,,,
,,,,,,
Features,,,,,,
Title,Description,,,,,
Access Detailed Creator Profiles,Brand sponsorship managers can easily find and access detailed profiles of creators on the platform to evaluate their suitability for brand partnerships.,,,,,
User Stories,,,,,,
Title,Description,Benefit,Acceptance Criteria,Difficulty,Priority,
Access Detailed Creator Profiles,"As a brand sponsorship manager, I want to easily find and access detailed profiles of creators on the platform so that I can evaluate their suitability for brand partnerships.",Enables the brand sponsorship manager to make informed decisions about potential collaborations based on creators' profiles.,"The platform should provide comprehensive creator profiles that include information such as audience demographics, engagement metrics, previous brand partnerships, and sample content.The profiles should be easily accessible and navigable.",Medium,High,
Functional Requirements,,,,,,
Title,Description,Priority,Inputs,Outputs,Processes,Constraints
Input Requirements: Creator Search,"Brand sponsorship managers can input specific criteria such as genre, follower count, engagement rate, and location to search for creators.",High,"Genre,Follower Count,Engagement Rate,Location",List of creators matching the search criteria.,"Brand sponsorship manager sets search criteria.,System filters creators based on search criteria.",Search results are based on creator profiles and data.
Processing Requirements: Creator Profile Display,"The system will display comprehensive creator profiles that include information such as audience demographics, engagement metrics, previous brand partnerships, and sample content.",High,,Detailed creator profile with relevant information.,System retrieves creator profile data.,Creator profiles are based on available data and information.
Output Requirements: Navigable Creator Profiles,The system should provide easily accessible and navigable creator profiles for brand sponsorship managers.,Medium,,,,Creator profiles are easily accessible and navigable.
User Interface Requirements: Creator Profile Layout,"The creator profile layout should be visually appealing and organized, with sections for audience demographics, engagement metrics, previous brand partnerships, and sample content.",Medium,,,,Creator profile layout is visually appealing and organized.
Business Rules: Creator Profile Privacy,Only creators who have opted to make their profiles public should be displayed in the search results and accessible to brand sponsorship managers.,Critical,,,,Only public creator profiles are displayed and accessible.
Non Functional Requirements,,,,,,
Title,Description,Type,,,,
Compliance with Intellectual Property Rights,"The platform should ensure that all content shared and used by creators and brands comply with intellectual property rights, including copyright and trademark laws.",regulatory,,,,
Data Privacy and Consent,"The platform should comply with data privacy regulations, ensuring that user data is collected, stored, and processed with proper consent and in accordance with applicable laws.",regulatory,,,,
Transparency in Sponsorship Deals,"The platform should provide transparency in sponsorship deals, including clear disclosure of sponsored content and any financial arrangements between creators and brands.",regulatory,,,,
Compliance with Advertising Standards,"The platform should adhere to advertising standards and guidelines, ensuring that sponsored content is clearly labeled and does not violate any advertising regulations.",regulatory,,,,
Age Verification and Child Protection,The platform should implement age verification mechanisms to ensure compliance with child protection laws and prevent the engagement of minors in inappropriate content or sponsorships.,regulatory,,,,
Secure User Authentication,"The platform should implement strong authentication mechanisms, such as multi-factor authentication, to ensure that only authorized users can access creator profiles and sensitive data.",security,,,,
Data Encryption,"All creator profile data, including personal information and sponsorship details, should be encrypted both at rest and in transit to protect against unauthorized access or interception.",security,,,,
Access Control,The platform should enforce role-based access control to ensure that only authorized brand sponsorship managers can view and evaluate creator profiles. Access to sensitive information should be restricted based on user roles and permissions.,security,,,,
Secure Communication,"Any communication between brand sponsorship managers and creators, such as messages or negotiation details, should be encrypted and protected against interception or tampering.",security,,,,
Secure Storage,"All creator profile data and sponsorship-related information should be securely stored and protected against unauthorized access or data breaches. This includes implementing proper access controls, regular backups, and monitoring for any suspicious activities.",security,,,,
Protection against Fraudulent Profiles,"The platform should have mechanisms in place to detect and prevent the creation of fraudulent creator profiles. This includes verification processes, such as identity verification or validation of social media accounts, to ensure the authenticity of creators.",security,,,,
Easy Navigation,"The platform should have a clear and intuitive navigation system, allowing users to easily find and access creator profiles.",usability,,,,
User-Friendly Profile Layout,"The creator profiles should have a well-organized and visually appealing layout, making it easy for brand sponsorship managers to quickly scan and evaluate the creator's information.",usability,,,,
Comprehensive Creator Information,"The creator profiles should provide detailed information about the creator, including their background, skills, audience demographics, and previous collaborations.",usability,,,,
Search and Filter Options,"Brand sponsorship managers should be able to search for creators based on specific criteria, such as genre, location, follower count, or engagement rate. The platform should also provide advanced filtering options to narrow down the search results.",usability,,,,
Responsive Design,"The platform should be responsive and adapt to different screen sizes and devices, ensuring a consistent and user-friendly experience for brand sponsorship managers accessing creator profiles from desktops, laptops, tablets, and mobile devices.",usability,,,,
Efficient Loading and Performance,"The platform should have fast loading times and smooth performance, allowing brand sponsorship managers to quickly browse through creator profiles without delays or interruptions.",usability,,,,
Fast Creator Profile Loading,"When brand sponsorship managers access detailed creator profiles, the profiles should load within 2 seconds to provide a smooth user experience.",performance,,,,
Optimized Search for Creator Profiles,"When brand sponsorship managers search for specific creator profiles or categories, search results should load within 3 seconds, even during peak usage times.",performance,,,,
Efficient Media Loading for Creator Profiles,"Media elements (images, videos) associated with creator profiles should load within 4 seconds to maintain user engagement and interest.",performance,,,,
Responsive Profile Filtering,"When brand sponsorship managers apply filters to narrow down creator profiles, the filtering process should be responsive and complete within 2 seconds.",performance,,,,
Smooth Navigation between Creator Profiles,"When brand sponsorship managers navigate between different creator profiles, the transition should be seamless and take no longer than 1 second.",performance,,,,
Scalable User Profile Retrieval,"As the number of creators on the platform increases, the system should be able to efficiently retrieve and display detailed creator profiles to brand sponsorship managers, ensuring a smooth user experience even with a large number of profiles.",scalability,,,,
Horizontal Scalability for Increased User Base,"The system should be designed to handle a growing user base, allowing for the addition of more creators, brand sponsorship managers, and other users without compromising performance or functionality.",scalability,,,,
Efficient Search and Filtering of Creator Profiles,"As the number of creators on the platform grows, the system should provide efficient search and filtering capabilities to brand sponsorship managers, allowing them to quickly find creators based on specific criteria or preferences.",scalability,,,,
Scalable Media Storage and Streaming,"The platform may host a large amount of media content, including videos, images, and audio files. The system should be able to handle the storage and streaming of media content efficiently, ensuring a seamless experience for users even with a high volume of media files.",scalability,,,,
Scalable Database for Creator and Sponsorship Data,"As the platform grows, the system should be able to handle the increasing amount of data related to creators, brand partnerships, and sponsorship deals. The database should be scalable to accommodate the growing data volume without compromising performance.",scalability,,,,
Integration with Social Media APIs,"The platform should integrate with popular social media APIs (such as Instagram, YouTube) to fetch creator profiles and display relevant statistics, ensuring up-to-date and accurate information for brand sponsorship managers.",integration,,,,
Secure Authentication and Authorization,The platform should implement secure authentication and authorization mechanisms (such as OAuth) to ensure that only authorized users can access creator profiles and sensitive information.,integration,,,,
Real-time Data Synchronization,The platform should synchronize creator profile data in real-time with external systems (such as record labels' databases) to ensure consistency and avoid data discrepancies.,integration,,,,
Error Handling and Logging,"The platform should have robust error handling and logging mechanisms in place to capture and report any integration errors or failures, ensuring timely resolution and minimizing disruptions to brand sponsorship managers.",integration,,,,
Scalability and Performance,"The platform should be able to handle a large number of concurrent requests from brand sponsorship managers accessing creator profiles, ensuring high performance and responsiveness even during peak usage periods.",integration,,,,
High Availability of Creator Profiles,"The platform should ensure that the feature to access detailed creator profiles remains available with a target uptime of 99.9%, allowing brand sponsorship managers to access the profiles at any time.",reliability,,,,
Fast Response Time for Profile Access,"The platform should provide a fast response time for accessing detailed creator profiles, with a maximum response time of 2 seconds, to ensure a smooth user experience for brand sponsorship managers.",reliability,,,,
Data Integrity of Creator Profiles,"The platform should maintain the integrity of creator profiles, ensuring that the information displayed is accurate and up-to-date, to provide reliable information for brand sponsorship managers during evaluation.",reliability,,,,
Secure Access to Creator Profiles,"The platform should implement secure access controls and authentication mechanisms to protect creator profiles from unauthorized access, ensuring the privacy and security of creator information.",reliability,,,,
Backup and Recovery of Creator Profiles,"The platform should perform regular backups of creator profiles and have a recovery process in place to restore profiles in the event of data loss or system failures, minimizing disruptions and ensuring the availability of creator information.",reliability,,,,
