Title,Creator Spotlight,Unnamed: 2,Unnamed: 3,Unnamed: 4,Unnamed: 5,Unnamed: 6
Description,"The platform highlights and showcases exceptional creators, providing them with increased visibility and recognition.",,,,,
,,,,,,
Features,,,,,,
Title,Description,,,,,
Creator Spotlight,"The platform highlights and showcases exceptional creators, providing them with increased visibility and recognition.",,,,,
User Stories,,,,,,
Title,Description,Benefit,Acceptance Criteria,Difficulty,Priority,
Showcase Talent,"As a music collaborator, I want to effectively showcase my musical talent on the platform so that I can attract the attention of record labels and brands.","Allows the user to highlight their skills and creativity, increasing their chances of being discovered by industry professionals.","The platform should provide a user-friendly interface for uploading and sharing music tracks, videos, and other media.The platform should allow users to create a comprehensive profile with information about their musical background, influences, and achievements.The platform should have a rating and review system for users to provide feedback on each other's work.",Low,High,
Gain Exposure,"As a music collaborator, I want to gain visibility and recognition on the platform so that I can attract a larger audience and increase my chances of being discovered.","Increases the user's chances of being noticed by a wider audience, including potential fans, industry professionals, and media outlets.","The platform should have a recommendation system that suggests the user's content to other users based on their interests and preferences.The platform should allow users to promote their content through social media sharing and integration.The platform should have a feature for users to participate in contests, challenges, or showcases to showcase their talent.",Medium,High,
Discover New Music,"As a music collaborator, I want to discover new music and talent on the platform so that I can be inspired and potentially collaborate with other artists.","Allows the user to explore and appreciate different genres, styles, and emerging artists, fostering creativity and potential collaborations.","The platform should have a recommendation system that suggests new music and artists based on the user's preferences and listening history.The platform should provide curated playlists, charts, or featured sections to highlight new and popular music.The platform should allow users to follow and connect with artists whose work they admire.",Low,Medium,
Find Suitable Creators,"As a content production manager, I want to easily find creators with the right skills and experience for content production projects.",Saves time and effort in searching for suitable creators.,"The platform should have a search and filter functionality to narrow down creators based on skills, experience, and location.Creators' profiles should include detailed information about their skills, experience, and past projects.The platform should provide recommendations of creators based on project requirements.",Medium,High,
Functional Requirements,,,,,,
Title,Description,Priority,Inputs,Outputs,Processes,Constraints
Input Requirements: Upload and Share Media,"Users can upload and share music tracks, videos, and other media on the platform.",High,Media Files,Uploaded media files are displayed on the user's profile and can be shared with others.,"User selects media files to upload.,System processes and stores the uploaded media files.",Supported media formats and file size limits.
Input Requirements: Create Comprehensive Profile,"Users can create a comprehensive profile with information about their musical background, influences, and achievements.",Medium,Profile Information,User's comprehensive profile is displayed on their profile page.,"User enters their profile information.,System stores and displays the profile information.",Required and optional fields for profile information.
Input Requirements: Rating and Review System,Users can provide feedback on each other's work through a rating and review system.,Medium,Rating and Review,User's rating and review are displayed on the recipient's profile.,"User rates and reviews another user's work.,System stores and displays the rating and review.",Rating scale and review guidelines.
Input Requirements: Recommendation System,The platform suggests users' content to other users based on their interests and preferences.,High,,Recommended content is displayed on the user's homepage or in a dedicated section.,"System analyzes user's interests and preferences.,System matches and recommends relevant content to the user.",Accuracy and relevance of recommendations.
Input Requirements: Social Media Sharing and Integration,Users can promote their content through social media sharing and integration.,Medium,,User's content is shared on their connected social media accounts.,"User selects content to share on social media platforms.,System provides sharing options and integrates with social media APIs.",Supported social media platforms and API integration.
"Input Requirements: Contests, Challenges, or Showcases","Users can participate in contests, challenges, or showcases to showcase their talent.",High,,User's submission is displayed in the event's dedicated section or page.,"User selects a contest, challenge, or showcase to participate in.,System provides guidelines and submission options for the selected event.","Available contests, challenges, or showcases and submission guidelines."
Input Requirements: Search and Filter Functionality,"Content production managers can search and filter creators based on skills, experience, and location.",High,Search and Filter Criteria,List of creators matching the search and filter criteria is displayed.,"Content production manager enters search and filter criteria.,System processes and matches creators based on the criteria.",Available search and filter criteria.
Input Requirements: Creators' Profile Information,"Creators' profiles should include detailed information about their skills, experience, and past projects.",Medium,,,,Required and optional fields for profile information.
Input Requirements: Project Recommendations,The platform should provide recommendations of creators based on project requirements.,High,,Recommended creators are displayed based on the project requirements.,"System analyzes project requirements.,System matches and recommends relevant creators for the project.",Accuracy and relevance of recommendations.
Non Functional Requirements,,,,,,
Title,Description,Type,,,,
Compliance with Intellectual Property Rights,"The platform should ensure that all content shared and used by creators complies with intellectual property rights, including copyright and trademark laws.",regulatory,,,,
Data Privacy and Consent,"The platform should comply with data privacy regulations, ensuring that user data is collected, stored, and processed with proper consent and in accordance with applicable laws.",regulatory,,,,
Transparency in Sponsorship Deals,"The platform should provide transparency in sponsorship deals, disclosing the terms, conditions, and compensation involved to maintain trust and comply with advertising and influencer marketing regulations.",regulatory,,,,
Age Verification for Minors,"If the platform allows creators under a certain age to participate, it should implement age verification mechanisms to comply with child protection laws and regulations.",regulatory,,,,
Compliance with FTC Guidelines,The platform should ensure that creators and brands comply with the Federal Trade Commission (FTC) guidelines for disclosure and transparency in sponsored content and endorsements.,regulatory,,,,
Secure User Authentication,"The platform should implement secure user authentication mechanisms, such as strong password policies, multi-factor authentication, and protection against brute-force attacks, to ensure that only authorized users can access the system.",security,,,,
Data Encryption,"Sensitive user data, such as personal information and payment details, should be encrypted both at rest and in transit to protect against unauthorized access and data breaches.",security,,,,
Access Control,The platform should enforce role-based access control to ensure that users can only access the data and features that are necessary for their roles. This helps prevent unauthorized access to sensitive information and functionality.,security,,,,
Secure File Storage,"Any files uploaded by users, such as music tracks or promotional materials, should be securely stored and protected against unauthorized access or tampering. Implementing file encryption and access controls can help achieve this.",security,,,,
Secure Communication Channels,"All communication between users, including messages, notifications, and collaboration requests, should be encrypted and transmitted over secure channels to prevent eavesdropping and unauthorized interception of sensitive information.",security,,,,
Protection against Malicious Content,"The platform should implement mechanisms to detect and prevent the upload or dissemination of malicious content, such as malware or phishing links. This includes regular scanning and monitoring of user-generated content.",security,,,,
Audit Logging,"The platform should maintain detailed audit logs of user activities, including login attempts, data access, and modifications. These logs can be used for forensic analysis, troubleshooting, and detecting any suspicious or unauthorized activities.",security,,,,
Fast Creator Profile Loading,"When viewing a creator's profile, the page should load within 2 seconds to provide a smooth user experience and minimize waiting time.",performance,,,,
Real-time Collaboration Updates,"When multiple creators are collaborating on a project, the system should update changes and contributions in real-time (within 1 second) to ensure efficient collaboration and avoid conflicts.",performance,,,,
Quick Search for Creators,"When searching for creators based on specific criteria (e.g., genre, location), search results should be displayed within 3 seconds, even during peak usage times.",performance,,,,
Efficient Media Upload,"When creators upload media files (e.g., audio, video), the system should process and store the files within 5 seconds to minimize waiting time and allow for smooth content production.",performance,,,,
Responsive Sponsorship Deal Sign-up,"When brands or record labels sign creators for sponsorship deals, the system should respond within 2 seconds to provide a seamless and efficient process.",performance,,,,
Scalable User Profile Storage,"As the number of creators and users on the platform grows, the system should be able to handle the increased storage requirements for user profiles, ensuring fast retrieval and updates.",scalability,,,,
Efficient Search and Filtering,"As the number of creators and brands on the platform increases, the system should be able to efficiently search and filter through a large database of profiles, ensuring quick response times and accurate results.",scalability,,,,
Horizontal Scalability for Increased Traffic,"As the platform gains popularity and attracts more users, the system should be able to horizontally scale by adding more servers or instances to handle the increased traffic and maintain optimal performance.",scalability,,,,
Real-time Collaboration Scalability,"As the number of collaborations between creators and influencers grows, the system should be able to handle real-time interactions and updates, ensuring smooth collaboration experiences even with a large number of concurrent users.",scalability,,,,
Scalable Content Delivery,"To ensure a seamless user experience, the system should integrate with content delivery networks (CDNs) to efficiently deliver media content, such as videos and images, to users regardless of their geographical location.",scalability,,,,
Integration with Social Media Platforms,"The platform should integrate with popular social media platforms (e.g., Instagram, YouTube) to allow creators to easily share their content and reach a wider audience.",integration,,,,
Secure Authentication and Authorization,"The platform should integrate with industry-standard authentication and authorization protocols (e.g., OAuth, JWT) to ensure secure access to creator profiles and prevent unauthorized access.",integration,,,,
Real-time Notifications,"The platform should integrate with a notification service to provide real-time updates to creators regarding new collaboration opportunities, sponsorship deals, and profile interactions.",integration,,,,
Integration with Music Streaming Services,"The platform should integrate with popular music streaming services (e.g., Spotify, Apple Music) to allow creators to showcase their music and enable easy discovery by record labels and brands.",integration,,,,
Data Synchronization with Record Labels and Brands,"The platform should integrate with record labels and brands' systems to synchronize creator profiles, collaboration history, and sponsorship deals, ensuring accurate and up-to-date information.",integration,,,,
Enhanced Creator Profile,"The platform should provide a comprehensive and visually appealing creator profile page, showcasing their work, achievements, and social media presence.",usability,,,,
Easy Navigation,"The platform should have a clear and intuitive navigation system, allowing users to easily browse through different sections, such as creator profiles, collaboration opportunities, and sponsorship deals.",usability,,,,
Efficient Search and Filter Options,"Users should be able to quickly search for creators based on various criteria, such as genre, location, follower count, and engagement rate. The platform should also provide advanced filtering options to refine search results.",usability,,,,
Streamlined Collaboration Process,"The platform should facilitate smooth and efficient collaboration between creators and brands/record labels, providing clear communication channels, project management tools, and a streamlined workflow for content production.",usability,,,,
Responsive Design,"The platform should be responsive and optimized for different devices and screen sizes, ensuring a seamless user experience on desktops, tablets, and mobile devices.",usability,,,,
High Availability for Creator Spotlight,"The platform should ensure high availability for the Creator Spotlight feature, with a target uptime of 99.99%, to provide consistent visibility and recognition for exceptional creators.",reliability,,,,
Scalability for Increased Traffic,"The platform should be able to handle increased traffic and user activity during peak periods, such as when exceptional creators are being highlighted, without any degradation in performance or availability.",reliability,,,,
Data Integrity for Creator Profiles,"The platform should ensure the integrity of creator profiles, including their biographical information, portfolio, and previous collaborations, to maintain trust and accuracy in the information presented to record labels and brands.",reliability,,,,
Secure Sign-up and Authentication,"The platform should implement secure sign-up and authentication mechanisms, such as multi-factor authentication and encryption, to protect creator accounts and prevent unauthorized access.",reliability,,,,
Backup and Recovery of Creator Data,"The platform should perform regular backups of creator data, including profiles and collaboration history, and have a robust recovery process in place to minimize data loss and ensure continuity in case of system failures or disasters.",reliability,,,,
