Title,Integration with Social Media Platforms,Unnamed: 2,Unnamed: 3,Unnamed: 4,Unnamed: 5,Unnamed: 6
Description,Record label scouts can integrate the platform with popular social media platforms to easily access creators' social media profiles and evaluate their online presence.,,,,,
,,,,,,
Features,,,,,,
Title,Description,,,,,
Integration with Social Media Platforms,Record label scouts can integrate the platform with popular social media platforms to easily access creators' social media profiles and evaluate their online presence.,,,,,
User Stories,,,,,,
Title,Description,Benefit,Acceptance Criteria,Difficulty,Priority,
Integration with Social Media Platforms,"As a record label scout, I want the platform to integrate with popular social media platforms so that I can easily access creators' social media profiles and evaluate their online presence.","Provides additional insights into the creators' fan base, engagement levels, and overall online presence.","The platform should allow the scout to view and access creators' social media profiles directly from their platform profiles.The integration should support major social media platforms such as Instagram, Twitter, and YouTube.",Medium,Medium,
Functional Requirements,,,,,,
Title,Description,Priority,Inputs,Outputs,Processes,Constraints
Input Requirements: Social Media Platform Integration,Record label scouts can input their credentials for popular social media platforms to integrate them with the platform.,High,Social Media Platform Credentials,,"Record label scout enters their social media platform credentials.,System verifies and saves the credentials.",Integration is only available for supported social media platforms.
Processing Requirements: Accessing Creator Profiles,The system should provide a way for record label scouts to access creators' social media profiles from their platform profiles.,Medium,,,"Record label scout selects a creator's profile.,System retrieves and displays the creator's social media profile.",
Output Requirements: Social Media Profile Links,The system should display links to creators' social media profiles on their platform profiles.,Medium,,Social Media Profile Links,,
User Interface Requirements: Social Media Profile Integration,The platform should provide a user-friendly interface for record label scouts to view and access creators' social media profiles.,High,,,,
Business Rules: Supported Social Media Platforms,"The platform should only support integration with major social media platforms such as Instagram, Twitter, and YouTube.",Critical,,,,Integration is only available for supported social media platforms.
Non Functional Requirements,,,,,,
Title,Description,Type,,,,
Integration with Social Media Platforms,"The platform should provide integration capabilities with popular social media platforms (such as Facebook, Instagram, Twitter) to allow record label scouts to easily access creators' social media profiles and evaluate their online presence.",integration,,,,
Secure Authentication and Authorization,"The integration with social media platforms should ensure secure authentication and authorization mechanisms, following industry best practices, to protect creators' and record labels' sensitive information.",integration,,,,
Real-time Data Synchronization,"The platform should support real-time data synchronization with the integrated social media platforms, ensuring that creators' profiles and content are always up to date and accurately reflected on the platform.",integration,,,,
Error Handling and Resilience,"The integration should handle errors and failures gracefully, providing appropriate error messages and fallback mechanisms to ensure a seamless user experience even in case of integration issues.",integration,,,,
Compliance with Social Media APIs,"The integration should comply with the APIs and terms of service of the integrated social media platforms, ensuring that the platform operates within the allowed usage limits and guidelines.",integration,,,,
Integration with Social Media Platforms Compliance,"The platform should comply with the terms and conditions of the integrated social media platforms, ensuring that data is accessed and used in accordance with their policies.",regulatory,,,,
Data Privacy and Consent,"The platform should obtain explicit consent from creators for the collection, storage, and use of their personal data, in compliance with data protection regulations.",regulatory,,,,
Intellectual Property Rights Protection,"The platform should have mechanisms in place to protect the intellectual property rights of creators, ensuring that their content is not used without proper authorization or attribution.",regulatory,,,,
Compliance with Advertising Regulations,"If the platform facilitates sponsorship deals and brand collaborations, it should comply with advertising regulations, including disclosure requirements and guidelines for sponsored content.",regulatory,,,,
Secure Payment Processing,"If the platform facilitates financial transactions, it should ensure secure payment processing, adhering to industry standards and regulations for data protection and fraud prevention.",regulatory,,,,
Secure User Authentication,"The platform should implement secure user authentication mechanisms, such as multi-factor authentication, to prevent unauthorized access to user accounts.",security,,,,
Data Encryption,"Sensitive user data, such as login credentials and personal information, should be encrypted both in transit and at rest to protect against unauthorized access.",security,,,,
Access Controls,The platform should enforce role-based access controls to ensure that only authorized users have access to specific features and data.,security,,,,
Secure Integration with Social Media Platforms,"When integrating with social media platforms, the platform should ensure secure communication and data exchange to protect user privacy and prevent unauthorized access to social media accounts.",security,,,,
Protection against Malicious Content,"The platform should implement measures to detect and prevent the upload or dissemination of malicious content, such as malware or phishing links, to protect users from potential security threats.",security,,,,
Secure Sponsorship Deal Signings,"When signing sponsorship deals, the platform should ensure secure communication and verification of the parties involved to prevent fraudulent activities and protect the interests of both creators and brands.",security,,,,
Easy Social Media Integration,"The platform should provide a seamless integration with popular social media platforms, allowing record label scouts to easily access creators' social media profiles and evaluate their online presence.",usability,,,,
Intuitive Creator Profile,"Each creator's profile should be designed in a user-friendly and intuitive manner, displaying relevant information such as their bio, portfolio, social media links, and collaboration history.",usability,,,,
Efficient Search and Filter Options,"Record label scouts and brands should be able to quickly search for creators based on criteria such as genre, location, follower count, engagement rate, and previous collaborations.",usability,,,,
Clear Sponsorship Deal Information,"The platform should provide clear and detailed information about sponsorship deals, including the terms, deliverables, compensation, and any additional requirements or expectations.",usability,,,,
Responsive and Mobile-Friendly Design,"The platform should be responsive and optimized for mobile devices, ensuring a seamless and user-friendly experience for creators, scouts, and brands accessing the platform on their smartphones or tablets.",usability,,,,
Fast Social Media Integration,"The platform should integrate with social media platforms and retrieve creators' profiles within 2 seconds, allowing record label scouts to quickly evaluate their online presence.",performance,,,,
Responsive Creator Profile Loading,"When record label scouts view creators' profiles, the profiles should load within 3 seconds, ensuring a smooth browsing experience.",performance,,,,
Efficient Search for Creators,"When searching for creators based on specific criteria (e.g., genre, location), search results should be displayed within 4 seconds, even during peak usage times.",performance,,,,
Optimized Sponsorship Deal Sign-up,"The platform should ensure that the sign-up process for sponsorship deals takes no longer than 2 seconds, providing a seamless experience for record labels and brands.",performance,,,,
Quick Access to Creator Content,"When record label scouts or brands view creators' content (e.g., music, videos), the content should load within 5 seconds, maintaining engagement and interest.",performance,,,,
Reliable Integration with Social Media Platforms,"The platform should ensure reliable integration with popular social media platforms, such as Facebook, Instagram, and Twitter, to provide record label scouts with seamless access to creators' social media profiles.",reliability,,,,
High Availability of Social Media Integration,"The integration with social media platforms should have a high availability rate, with a target uptime of 99.9%, to ensure that record label scouts can access creators' profiles at any time.",reliability,,,,
Data Integrity of Social Media Profiles,"The platform should ensure the integrity of creators' social media profiles, regularly syncing and updating the data to provide accurate and up-to-date information for record label scouts.",reliability,,,,
Secure Handling of Social Media Integration,The platform should implement secure protocols and encryption mechanisms to protect the privacy and security of creators' social media profiles during the integration process.,reliability,,,,
Scalability of Social Media Integration,"The platform should be able to handle a large number of concurrent requests for social media integration, ensuring scalability to accommodate the growing number of creators and record label scouts.",reliability,,,,
Scalable User Profile Retrieval,"As the number of creators and record labels on the platform increases, the system should be able to efficiently retrieve and display user profiles, ensuring quick response times and a seamless user experience.",scalability,,,,
Horizontal Scalability for Increased User Base,"As the platform gains popularity and attracts a larger user base, the system should be able to horizontally scale by adding more servers or instances to handle the increased load and maintain optimal performance.",scalability,,,,
Efficient Content Search and Filtering,"As the platform accumulates a large amount of content, including music tracks, videos, and influencer profiles, the system should be able to efficiently search and filter through the content, ensuring quick retrieval of relevant results.",scalability,,,,
Real-time Collaboration Scalability,"The platform should be able to handle real-time collaboration between musicians and influencers, ensuring smooth communication and synchronization of content creation, even with a large number of concurrent collaborations happening simultaneously.",scalability,,,,
Scalable Integration with Social Media Platforms,"To support the integration with popular social media platforms, the system should be able to handle a large number of API requests and data synchronization, ensuring seamless access to creators' social media profiles and evaluation of their online presence.",scalability,,,,
