Title,Audio Samples on Profiles,Unnamed: 2,Unnamed: 3,Unnamed: 4,Unnamed: 5,Unnamed: 6
Description,Record label scouts can listen to music samples on creators' profiles to evaluate their musical talent.,,,,,
,,,,,,
Features,,,,,,
Title,Description,,,,,
Audio Samples on Profiles,Record label scouts can listen to music samples on creators' profiles to evaluate their musical talent.,,,,,
User Stories,,,,,,
Title,Description,Benefit,Acceptance Criteria,Difficulty,Priority,
Audio Samples on Profiles,"As a record label scout, I want to listen to music samples on creators' profiles so that I can evaluate their musical talent.",Allows the scout to assess the quality and style of the creators' music before making a decision.,Each creator's profile should include audio samples of their music.The platform should provide a user-friendly interface for playing the samples.,Low,High,
Functional Requirements,,,,,,
Title,Description,Priority,Inputs,Outputs,Processes,Constraints
Input Requirements: Music Samples,Creators can upload music samples to their profiles.,High,Music Sample,,Creator uploads music sample to their profile.,Music samples must be in a supported audio format.
Output Requirements: Music Sample Display,Record label scouts can view and play music samples on creators' profiles.,High,,Music samples,"Record label scout navigates to creator's profile.,System displays music samples on creator's profile.",Music samples should be displayed in a user-friendly interface.
Processing Requirements: Music Sample Playback,The system should provide functionality for playing music samples on creators' profiles.,Medium,,Playing music sample,"User interacts with the play button for a music sample.,System plays the selected music sample.",Music samples should be playable without any issues.
User Interface Requirements: Music Sample Controls,"The user interface should provide controls for playing, pausing, and adjusting the volume of music samples.",Medium,,Controlled playback and volume adjustment of music sample,"User interacts with the play, pause, and volume controls for a music sample.",Controls should be intuitive and easy to use.
Business Rules: Music Sample Limit,Creators can upload a maximum of 5 music samples to their profiles.,Low,,,,Creators can only upload up to 5 music samples.
Business Rules: Music Sample Duration,Music samples should not exceed 2 minutes in duration.,Low,,,,Music samples should be limited to a maximum duration of 2 minutes.
Non Functional Requirements,,,,,,
Title,Description,Type,,,,
High Availability for Audio Samples,"The platform should ensure high availability of the audio samples feature, with a target uptime of 99.99%, to allow record label scouts to consistently access and evaluate creators' musical talent.",reliability,,,,
Fault Tolerance for Audio Samples,"The system should be designed with fault tolerance mechanisms to handle potential failures or disruptions in the audio samples feature, ensuring uninterrupted access for record label scouts and minimizing any impact on their evaluation process.",reliability,,,,
Data Integrity for Audio Samples,"The platform should ensure the integrity of audio samples on creators' profiles, preventing any corruption or loss of data. Regular data backups and integrity checks should be performed to maintain the quality and reliability of the samples.",reliability,,,,
Scalability for Audio Samples,"The system should be able to handle increasing demand for audio samples as the platform grows, ensuring that record label scouts can access and evaluate samples without performance degradation or delays.",reliability,,,,
Secure Storage of Audio Samples,"The platform should securely store audio samples, protecting them from unauthorized access or tampering. Robust security measures, such as encryption and access controls, should be implemented to maintain the confidentiality and integrity of the samples.",reliability,,,,
Intellectual Property Rights Protection,"The platform should have mechanisms in place to protect the intellectual property rights of musicians and influencers, ensuring that their content is not used without permission or proper attribution.",regulatory,,,,
Compliance with Copyright Laws,"The platform should enforce compliance with copyright laws, ensuring that creators do not upload or share copyrighted material without proper authorization.",regulatory,,,,
Transparent Sponsorship Disclosure,"The platform should require creators to disclose any sponsorship or brand partnerships in their content, in compliance with advertising and disclosure regulations.",regulatory,,,,
Data Protection and Privacy Compliance,"The platform should handle user data in compliance with data protection and privacy regulations, providing mechanisms for user consent, data access, and deletion requests.",regulatory,,,,
Age Verification for Influencers,The platform should implement age verification mechanisms to ensure that influencers are of legal age to enter into sponsorship and endorsement deals.,regulatory,,,,
Secure Payment Processing,"The platform should ensure secure payment processing for sponsorship deals, adhering to industry standards and regulations for financial transactions.",regulatory,,,,
Scalable User Profile Storage,"As the number of creators and record labels grows, the system should be able to handle a large volume of user profiles, ensuring efficient storage and retrieval of profile information.",scalability,,,,
Horizontal Scalability for Collaboration Requests,"As the platform gains popularity, the system should be able to handle an increasing number of collaboration requests between musicians and influencers, ensuring that the system remains responsive and can handle the growing demand.",scalability,,,,
Efficient Media Streaming for Audio Samples,"To provide a seamless experience for record label scouts, the system should ensure scalable media streaming for audio samples on creators' profiles, especially during peak usage periods when multiple scouts are accessing the samples simultaneously.",scalability,,,,
Vertical Scalability for Sponsorship Deals,"As the number of sponsorship deals increases, the system should be able to handle a larger volume of data related to sponsorship agreements, ensuring efficient storage, retrieval, and processing of sponsorship deal information.",scalability,,,,
Geographical Scalability for Global Users,"To cater to a global user base, the system should integrate with CDNs to ensure fast content delivery regardless of the user's geographical location, especially for media elements such as music samples and profile images.",scalability,,,,
Fast Audio Sample Loading,"When record label scouts listen to music samples on creators' profiles, the audio samples should load within 2 seconds to provide a seamless and efficient user experience.",performance,,,,
Low Latency for Audio Playback,"The platform should ensure low latency for audio playback on creators' profiles, with a maximum delay of 1 second, to maintain the quality and real-time experience for record label scouts.",performance,,,,
Optimized Search for Creators,"When searching for creators, the platform should provide search results within 3 seconds, even during peak usage times, to ensure a smooth and efficient search experience for record labels and brands.",performance,,,,
Efficient Media Loading for Profiles,"Media elements (images, videos) on creators' profiles should load within 4 seconds to maintain user engagement and interest, especially for record label scouts evaluating potential collaborations.",performance,,,,
Scalable Infrastructure,"The platform should be able to handle increasing user traffic and data volume, ensuring scalability to accommodate growing numbers of creators, record labels, and brands without compromising performance.",performance,,,,
Easy Navigation,"The platform should have a clear and intuitive navigation system, allowing users to easily find and access different sections of the application, including creator profiles and sponsorship deals.",usability,,,,
Responsive Design,"The platform should be designed to be responsive and accessible on different devices and screen sizes, ensuring a consistent and user-friendly experience for musicians, influencers, record label scouts, and brand representatives.",usability,,,,
Efficient Profile Loading,"When loading creator profiles, the platform should prioritize the display of essential information, such as the creator's bio, music samples, and social media links, to provide a quick overview for record label scouts.",usability,,,,
Clear Audio Playback,"The audio samples on creator profiles should have high-quality playback, ensuring that record label scouts can accurately evaluate the musical talent of creators.",usability,,,,
Streamlined Evaluation Process,"The platform should provide record label scouts with efficient tools to evaluate creators, such as the ability to easily switch between different audio samples, leave comments, and rate creators based on their talent.",usability,,,,
Integration with Music Streaming Platforms,"The platform should integrate with popular music streaming platforms (e.g., Spotify, Apple Music) to allow creators to showcase their music and enable record label scouts to access their full tracks for evaluation.",integration,,,,
Secure Authentication and Authorization,"The platform should integrate with industry-standard authentication and authorization protocols (e.g., OAuth 2.0) to ensure secure access to creators' profiles and prevent unauthorized access to sensitive information.",integration,,,,
Real-time Notifications for Sponsorship Deals,"The platform should integrate with notification services to provide real-time notifications to creators when they receive sponsorship deals from record labels or brands, ensuring timely communication and collaboration opportunities.",integration,,,,
API Integration for Content Production Tools,"The platform should provide APIs or integrations with popular content production tools (e.g., digital audio workstations, video editing software) to streamline the collaboration process between creators and influencers, enabling seamless content creation and sharing.",integration,,,,
Integration with Payment Gateways,"The platform should integrate with payment gateways (e.g., PayPal, Stripe) to facilitate secure and seamless transactions for sponsorship deals, ensuring timely payments to creators and record labels.",integration,,,,
Secure User Authentication,"The platform should implement secure user authentication mechanisms, such as strong password policies, multi-factor authentication, and protection against brute-force attacks.",security,,,,
Data Encryption,"Sensitive user data, including personal information and audio samples, should be encrypted both at rest and in transit. This ensures that unauthorized individuals cannot access or intercept the data.",security,,,,
Access Controls,"The platform should have granular access controls to ensure that only authorized individuals, such as record label scouts and creators, can access and modify specific content and profiles.",security,,,,
Secure Communication Channels,"All communication between users, including messaging and file sharing, should be conducted over secure channels to prevent eavesdropping and data tampering.",security,,,,
Protection against Malicious Content,"The platform should implement measures to detect and prevent the upload and dissemination of malicious content, such as malware-infected files or copyrighted material.",security,,,,
Regular Security Audits,Regular security audits should be conducted to identify and address any vulnerabilities or weaknesses in the platform's security infrastructure.,security,,,,
