Title,Track Collaboration Performance,Unnamed: 2,Unnamed: 3,Unnamed: 4,Unnamed: 5,Unnamed: 6
Description,Brand sponsorship managers can track and analyze the performance of their collaborations with creators on the platform to evaluate the effectiveness of the partnerships and make data-driven decisions for future collaborations.,,,,,
,,,,,,
Features,,,,,,
Title,Description,,,,,
Track Collaboration Performance,Brand sponsorship managers can track and analyze the performance of their collaborations with creators on the platform to evaluate the effectiveness of the partnerships and make data-driven decisions for future collaborations.,,,,,
User Stories,,,,,,
Title,Description,Benefit,Acceptance Criteria,Difficulty,Priority,
Track Collaboration Performance,"As a brand sponsorship manager, I want to be able to track and analyze the performance of my collaborations with creators on the platform so that I can evaluate the effectiveness of the partnerships and make data-driven decisions for future collaborations.","Provides insights into the ROI and impact of brand collaborations, allowing the brand sponsorship manager to optimize future partnership strategies.","The platform should provide performance analytics and metrics for each collaboration, including engagement rates, reach, impressions, conversions, and any other relevant KPIs.The data should be presented in a visually appealing and easy-to-understand format.",High,Medium,
Functional Requirements,,,,,,
Title,Description,Priority,Inputs,Outputs,Processes,Constraints
Input Requirements: Collaboration Data,"The system should receive data related to each collaboration, including engagement rates, reach, impressions, conversions, and any other relevant KPIs.",High,"Engagement Rates,Reach,Impressions,Conversions,Other Relevant KPIs",,Brand sponsorship manager inputs collaboration data.,
Processing Requirements: Performance Analytics,The system should process the collaboration data to generate performance analytics and metrics for each collaboration.,High,,Performance Analytics and Metrics,System analyzes collaboration data.,
Output Requirements: Visual Presentation,The system should display the performance analytics and metrics in a visually appealing and easy-to-understand format.,Medium,,Visual Presentation of Performance Analytics and Metrics,,
User Interface Requirements: Collaboration Performance Dashboard,The system should provide a collaboration performance dashboard where brand sponsorship managers can access and view the performance analytics and metrics.,Medium,,,,
Business Rules: Data Privacy,The system should adhere to data privacy regulations and ensure that collaboration performance data is securely stored and accessible only to authorized users.,Critical,,,,Data privacy regulations are followed.
Non Functional Requirements,,,,,,
Title,Description,Type,,,,
Continuous Platform Uptime,"Given the importance of the platform for collaboration and sponsorship deals, the system should ensure a high level of uptime, with a target of 99.99% availability, to minimize disruptions and maintain user trust.",reliability,,,,
Real-time Performance Tracking,"The system should provide real-time performance tracking for brand sponsorship managers, allowing them to monitor and analyze the effectiveness of collaborations with creators on the platform.",reliability,,,,
Data Integrity and Security,"The system should ensure the integrity and security of collaboration performance data, protecting it from unauthorized access, tampering, or loss.",reliability,,,,
Scalability for Increased Usage,"The system should be able to handle increased usage and data volume as the platform grows, ensuring that performance and reliability are not compromised.",reliability,,,,
Backup and Recovery of Collaboration Performance Data,The system should perform regular backups of collaboration performance data and have a robust recovery process in place to minimize data loss and ensure continuity in case of system failures or disasters.,reliability,,,,
Real-time Collaboration Performance Tracking,"The system should provide real-time tracking and analysis of collaboration performance between brand sponsorship managers and creators on the platform. This includes metrics such as engagement, reach, and conversion rates. The data should be updated and displayed within 1 second of any new activity or interaction.",performance,,,,
Scalability for High User Traffic,"The platform should be able to handle high user traffic and maintain optimal performance during peak usage times. This includes ensuring that response times for all features, including collaboration performance tracking, remain within acceptable limits even when there is a significant increase in concurrent users.",performance,,,,
Efficient Data Processing for Analytics,"The system should efficiently process and analyze large volumes of data related to collaboration performance. This includes ensuring that data aggregation, calculation, and visualization tasks are completed within acceptable time frames, allowing brand sponsorship managers to access and interpret the analytics in a timely manner.",performance,,,,
Fast Loading Times for Creator Profiles,"When brand sponsorship managers view creator profiles, the profiles should load within 3 seconds, even when there are multiple media elements (e.g., images, videos) and a large amount of content associated with the creators. This ensures a smooth user experience and allows managers to quickly evaluate potential collaboration opportunities.",performance,,,,
Secure and Reliable Data Storage,"The platform should ensure secure and reliable storage of collaboration performance data. This includes implementing appropriate data backup and recovery mechanisms to prevent data loss and ensure data integrity. Additionally, the system should comply with relevant data protection regulations and industry best practices to maintain user trust and confidentiality.",performance,,,,
Integration with Social Media APIs,"The platform should integrate with popular social media APIs (such as Instagram, YouTube) to allow creators to showcase their content and reach a wider audience.",integration,,,,
Secure Authentication and Authorization,"The platform should implement secure authentication and authorization mechanisms, such as OAuth 2.0, to ensure that only authorized users can access and interact with the system.",integration,,,,
Real-time Collaboration Notifications,"The platform should provide real-time notifications to creators and brand sponsorship managers about new collaboration opportunities, messages, and updates to ongoing collaborations.",integration,,,,
Integration with Music Streaming Services,"The platform should integrate with popular music streaming services (such as Spotify, Apple Music) to allow creators to showcase their music and enable brand sponsorship managers to discover talented musicians.",integration,,,,
Data Privacy and GDPR Compliance,"The platform should comply with data privacy regulations, such as GDPR, by implementing appropriate data protection measures, obtaining user consent, and providing options for data deletion.",integration,,,,
Secure Payment Gateway Integration,"The platform should integrate with secure payment gateways (such as Stripe, PayPal) to facilitate sponsorship payments and ensure the confidentiality and integrity of financial transactions.",integration,,,,
Intuitive Collaboration Tracking,"The platform should provide an intuitive and user-friendly interface for brand sponsorship managers to track and analyze the performance of their collaborations with creators. The tracking process should be easy to understand and navigate, allowing managers to quickly access relevant data and insights.",usability,,,,
Clear Performance Metrics,"The collaboration tracking feature should present performance metrics in a clear and concise manner. Metrics such as engagement rates, reach, impressions, and conversions should be displayed in a way that is easy to interpret and compare across different collaborations.",usability,,,,
Customizable Performance Reports,"Brand sponsorship managers should have the ability to generate customizable performance reports for their collaborations. The platform should offer options to select specific metrics, time periods, and other relevant parameters to create reports that meet the managers' specific needs and preferences.",usability,,,,
Real-time Collaboration Updates,"The platform should provide real-time updates on collaboration performance, allowing brand sponsorship managers to monitor the progress and impact of their partnerships as it happens. This includes real-time data on engagement, reach, and other relevant metrics.",usability,,,,
User-friendly Data Visualization,"The collaboration tracking feature should utilize user-friendly data visualization techniques, such as charts, graphs, and interactive dashboards, to present performance data in a visually appealing and easy-to-understand format. This will help brand sponsorship managers quickly grasp key insights and trends.",usability,,,,
Scalable User Management,"As the number of users on the platform grows, the system should be able to handle a larger user base efficiently, ensuring smooth user registration, authentication, and profile management.",scalability,,,,
Efficient Content Storage and Retrieval,"As the platform accumulates a large amount of content (music tracks, videos, etc.), the system should be able to efficiently store and retrieve content, ensuring quick access and playback for users.",scalability,,,,
Horizontal Scalability for Increased Traffic,"The system should be designed to scale horizontally, allowing for the addition of more servers or instances to handle increased traffic and user activity on the platform.",scalability,,,,
Real-time Collaboration Scalability,"The system should be able to handle real-time collaboration between musicians and influencers, ensuring low latency and smooth synchronization of audio and video streams, even with a large number of concurrent collaborations.",scalability,,,,
Scalable Analytics and Reporting,"As the platform grows and more data is generated, the system should be able to handle the processing and analysis of large datasets, providing real-time analytics and reporting for brand sponsorship managers.",scalability,,,,
Secure User Authentication,"The platform should implement strong authentication mechanisms, such as multi-factor authentication, to ensure that only authorized users can access their accounts and perform actions on the platform.",security,,,,
Data Encryption,"Sensitive user data, such as personal information and collaboration performance metrics, should be encrypted both at rest and in transit to protect against unauthorized access and data breaches.",security,,,,
Access Controls,The platform should have granular access controls to restrict user access to specific features and data based on their roles and permissions. This helps prevent unauthorized access to sensitive information and functionalities.,security,,,,
Secure API Integration,"When integrating with external APIs, the platform should ensure secure communication by implementing API authentication, encryption, and validation mechanisms to protect against data tampering and unauthorized API access.",security,,,,
Secure Sponsorship Deal Signing,"The platform should implement secure mechanisms for signing sponsorship deals, such as digital signatures or secure document exchange, to ensure the authenticity and integrity of the agreements.",security,,,,
Protection against Account Takeover,"The platform should have measures in place to detect and prevent unauthorized access to user accounts, such as account lockouts after multiple failed login attempts and suspicious activity monitoring.",security,,,,
Secure Collaboration Performance Tracking,"The platform should ensure that the tracking and analysis of collaboration performance data is done securely, with appropriate access controls and encryption, to protect the privacy and confidentiality of the data.",security,,,,
Compliance with Intellectual Property Rights,"The platform should ensure that all content shared and used by creators and brands complies with intellectual property rights, including copyright and trademark laws.",regulatory,,,,
Data Privacy and Consent,"The platform should adhere to data privacy regulations, ensuring that user data is collected, stored, and processed with proper consent and in compliance with applicable laws.",regulatory,,,,
Transparency in Sponsorship Deals,"The platform should provide transparency in sponsorship deals, including clear disclosure of sponsored content and any financial arrangements between creators and brands, in compliance with advertising and disclosure regulations.",regulatory,,,,
Compliance with FTC Guidelines,"The platform should comply with the Federal Trade Commission (FTC) guidelines for influencer marketing, ensuring that sponsored content is clearly labeled and disclosed to users.",regulatory,,,,
Age Verification and COPPA Compliance,The platform should implement age verification mechanisms and comply with the Children's Online Privacy Protection Act (COPPA) regulations to protect the privacy and safety of underage users.,regulatory,,,,
