Title,Access to Performance Metrics,Unnamed: 2,Unnamed: 3,Unnamed: 4,Unnamed: 5,Unnamed: 6
Description,Record label scouts can access performance metrics and analytics of creators' past work to evaluate their potential for commercial success.,,,,,
,,,,,,
Features,,,,,,
Title,Description,,,,,
Access to Performance Metrics,Record label scouts can access performance metrics and analytics of creators' past work to evaluate their potential for commercial success.,,,,,
User Stories,,,,,,
Title,Description,Benefit,Acceptance Criteria,Difficulty,Priority,
Access to Performance Metrics,"As a record label scout, I want to access performance metrics and analytics of creators' past work so that I can evaluate their potential for commercial success.","Provides valuable insights into the creators' audience engagement, streaming numbers, and overall performance.","The platform should provide performance metrics such as monthly listeners, streams, followers, and engagement rates for each creator.The metrics should be presented in a clear and understandable format.",High,Medium,
Functional Requirements,,,,,,
Title,Description,Priority,Inputs,Outputs,Processes,Constraints
Input Requirements: Creator Performance Data,"The system should collect and store performance data such as monthly listeners, streams, followers, and engagement rates for each creator.",High,"Monthly Listeners,Streams,Followers,Engagement Rates",Performance data for each creator.,System collects performance data from various sources.,Performance data is accurate and up-to-date.
Output Requirements: Performance Metrics Display,The system should display performance metrics and analytics of creators' past work in a clear and understandable format.,High,,Performance metrics and analytics of creators' past work.,,
User Interface Requirements: Performance Metrics Visualization,The system should provide visualizations and charts to represent performance metrics and analytics of creators' past work.,Medium,,Visualizations and charts of performance metrics and analytics.,,
Processing Requirements: Performance Metrics Calculation,The system should calculate performance metrics such as engagement rates based on the collected data.,Medium,,Calculated performance metrics.,System performs calculations based on collected data.,
Input Requirements: Creator Profile,The system should have a creator profile where performance metrics and analytics are displayed.,Medium,,Creator profile with performance metrics and analytics.,,
Input Requirements: Record Label Scout Access,The system should provide access to performance metrics and analytics for record label scouts.,High,,Access to performance metrics and analytics.,,
Business Rules: Commercial Success Evaluation,Record label scouts evaluate creators' potential for commercial success based on their performance metrics and analytics.,Critical,,,,Commercial success evaluation is based on performance metrics and analytics.
Non Functional Requirements,,,,,,
Title,Description,Type,,,,
Fast Loading of Creator Profiles,"When record label scouts view creator profiles, the profiles should load within 2 seconds to provide a smooth browsing experience.",performance,,,,
Real-time Performance Metrics,"Performance metrics and analytics of creators' past work should be updated in real-time, ensuring that record label scouts have the most current information.",performance,,,,
Efficient Search for Creators,"When searching for creators based on specific criteria (e.g., genre, follower count), search results should load within 3 seconds, even during peak usage times.",performance,,,,
Quick Access to Sponsorship Deals,"When brands or record labels view creators' profiles and sponsorship opportunities, the information should load within 2 seconds, allowing for efficient decision-making.",performance,,,,
Optimized Media Loading,"Media elements (images, videos) associated with creator profiles and past work should load within 4 seconds to maintain user engagement and interest.",performance,,,,
High Availability for Performance Metrics,"The system should ensure high availability of the performance metrics feature, with a target uptime of 99.99%, to allow record label scouts uninterrupted access to creators' past work for evaluation.",reliability,,,,
Real-time Performance Metrics Updates,"The system should provide real-time updates of performance metrics and analytics, ensuring that record label scouts have access to the most up-to-date information for accurate evaluation.",reliability,,,,
Scalability for Performance Metrics,"The system should be able to handle a growing number of creators and their performance metrics without degradation in performance, ensuring that record label scouts can efficiently evaluate a large pool of potential collaborators.",reliability,,,,
Data Integrity of Performance Metrics,"The system should maintain the integrity of performance metrics data, ensuring that the information presented to record label scouts is accurate, consistent, and free from errors or discrepancies.",reliability,,,,
Secure Access to Performance Metrics,"The system should implement robust security measures to protect the confidentiality and privacy of performance metrics data, ensuring that only authorized record label scouts have access to the information.",reliability,,,,
Access to Performance Metrics API,"The platform should integrate with external APIs or services to retrieve performance metrics and analytics of creators' past work, providing record label scouts with valuable insights for evaluating their potential for commercial success.",integration,,,,
Data Privacy and Security,"The platform should ensure the privacy and security of creators' performance metrics and analytics, implementing appropriate measures such as data encryption, access controls, and secure transmission protocols.",integration,,,,
Scalability and Performance,"The integration with the performance metrics API or service should be designed to handle a large volume of requests and provide real-time or near real-time responses, ensuring optimal performance and scalability.",integration,,,,
Error Handling and Resilience,"The platform should handle errors and exceptions gracefully when retrieving performance metrics, providing informative error messages and implementing mechanisms for retrying failed requests or handling service disruptions.",integration,,,,
Integration Testing,"The platform should include integration testing to ensure the seamless integration with the performance metrics API or service, validating the correctness of data retrieval and the compatibility of data formats.",integration,,,,
Scalable User Profile Storage,"As the number of creators and record labels grows, the system should be able to handle the increased storage requirements for user profiles, ensuring fast retrieval and updates.",scalability,,,,
Horizontal Scalability for Collaboration Features,"As the platform gains popularity, the system should be able to handle a larger number of concurrent collaborations between creators, ensuring smooth and responsive real-time collaboration.",scalability,,,,
Efficient Search and Filtering for Record Labels,"As the number of creators on the platform increases, the system should efficiently handle search and filtering requests from record labels, ensuring quick retrieval of relevant creator profiles based on various criteria.",scalability,,,,
Scalable Analytics Processing,"As the platform accumulates more data on creators' performance metrics, the system should be able to scale its analytics processing capabilities to handle the increased workload, ensuring timely generation of performance reports and insights.",scalability,,,,
Vertical Scalability for Sponsorship Deals,"As the number of sponsorship deals and brands on the platform increases, the system should be able to vertically scale its resources to handle the increased demand for processing and managing sponsorship deals, ensuring efficient negotiation and contract management.",scalability,,,,
Access Control and User Privacy,"The platform should ensure that only authorized individuals, such as record label scouts and brands, have access to creators' performance metrics. User privacy should be protected, and data should only be shared with explicit consent.",regulatory,,,,
Compliance with Intellectual Property Rights,"The platform should enforce strict adherence to intellectual property rights, ensuring that creators' content is protected from unauthorized use or infringement by record labels, brands, or other users.",regulatory,,,,
Transparency in Sponsorship Deals,"The platform should provide transparent reporting on sponsorship deals, including details of the terms, compensation, and obligations for both creators and sponsors. This ensures compliance with advertising regulations and prevents deceptive practices.",regulatory,,,,
Data Protection and GDPR Compliance,"The platform should handle personal data in compliance with data protection regulations, including GDPR for European users. It should provide mechanisms for users to access, rectify, and delete their personal information.",regulatory,,,,
Secure Payment Processing,"If the platform facilitates financial transactions, it should ensure secure payment processing, adhering to industry standards and regulations to protect users' financial information.",regulatory,,,,
Easy Creator Profile Access,"Record label scouts should be able to easily access and view creators' profiles, including their bio, portfolio, and social media links, to evaluate their suitability for sponsorship deals.",usability,,,,
Efficient Search and Filter Options,"Record label scouts should be able to quickly search for creators based on criteria such as genre, location, follower count, engagement rate, and past collaborations.",usability,,,,
Intuitive Performance Metrics Presentation,"Performance metrics and analytics of creators' past work should be presented in a clear and intuitive manner, allowing record label scouts to easily understand and evaluate the creators' potential for commercial success.",usability,,,,
Responsive and Fast-loading Profiles,"Creators' profiles should load quickly and be responsive across different devices and screen sizes, ensuring a smooth browsing experience for record label scouts.",usability,,,,
Secure and Confidential Data Handling,"The platform should ensure the secure handling of creators' performance metrics and analytics, protecting their sensitive information and maintaining confidentiality.",usability,,,,
Secure User Authentication,"The platform should implement secure user authentication mechanisms, such as multi-factor authentication, to prevent unauthorized access to user accounts and protect sensitive data.",security,,,,
Data Encryption,"All sensitive data, including user profiles, performance metrics, and sponsorship deals, should be encrypted both at rest and in transit to ensure confidentiality and prevent unauthorized access.",security,,,,
Access Control,"The platform should enforce role-based access control to ensure that only authorized users, such as record label scouts and brands, can access and modify sensitive information and perform specific actions.",security,,,,
Secure API Integration,"When integrating with external APIs for performance metrics and analytics, the platform should ensure secure communication by using encrypted connections, validating API endpoints, and implementing proper error handling and input validation.",security,,,,
Secure Sponsorship Deal Signing,"To protect the integrity of sponsorship deals, the platform should implement digital signatures or other secure mechanisms to ensure that the signing parties are authenticated and the agreements are not tampered with.",security,,,,
Regular Security Audits,The platform should undergo regular security audits and vulnerability assessments to identify and address any potential security weaknesses or vulnerabilities in the system.,security,,,,
