Title,Music Discovery,Unnamed: 2,Unnamed: 3,Unnamed: 4,Unnamed: 5,Unnamed: 6
Description,Users can discover new music and talent on the platform for inspiration and potential collaborations.,,,,,
,,,,,,
Features,,,,,,
Title,Description,,,,,
Music Discovery,Users can discover new music and talent on the platform for inspiration and potential collaborations.,,,,,
User Stories,,,,,,
Title,Description,Benefit,Acceptance Criteria,Difficulty,Priority,
Discover New Music,"As a music collaborator, I want to discover new music and talent on the platform so that I can be inspired and potentially collaborate with other artists.","Allows the user to explore and appreciate different genres, styles, and emerging artists, fostering creativity and potential collaborations.","The platform should have a recommendation system that suggests new music and artists based on the user's preferences and listening history.The platform should provide curated playlists, charts, or featured sections to highlight new and popular music.The platform should allow users to follow and connect with artists whose work they admire.",Low,Medium,
Functional Requirements,,,,,,
Title,Description,Priority,Inputs,Outputs,Processes,Constraints
Input Requirements: User Preferences,"Users can input their music preferences such as genre, mood, and artist preferences to personalize their music discovery experience.",Medium,"Genre,Mood,Artist Preferences",,User sets music preferences.,
Processing Requirements: Recommendation System,The platform will use the user's preferences and listening history to generate personalized music recommendations.,High,,List of recommended music and artists.,"System analyzes user preferences and listening history.,System matches user preferences with similar music.",
Output Requirements: Curated Playlists,The platform will provide curated playlists featuring new and popular music.,Medium,,List of curated playlists.,,
Output Requirements: Charts and Featured Sections,The platform will display charts and featured sections to highlight new and popular music.,Medium,,List of charts and featured sections.,,
Output Requirements: Artist Connection,The platform will allow users to follow and connect with artists.,Medium,,Ability to follow and connect with artists.,,
Non Functional Requirements,,,,,,
Title,Description,Type,,,,
Integration with Music Streaming APIs,"The platform should integrate with popular music streaming APIs (such as Spotify, Apple Music) to allow users to discover and listen to music directly within the platform.",integration,,,,
Real-time Data Synchronization,"The platform should ensure real-time synchronization of music data, such as artist profiles, song metadata, and playlists, with the integrated music streaming APIs to provide up-to-date and accurate information to users.",integration,,,,
Secure Authentication and Authorization,The platform should integrate with authentication and authorization services (such as OAuth) provided by the music streaming APIs to ensure secure access to user accounts and protect sensitive data.,integration,,,,
Error Handling and Resilience,"The platform should handle errors and exceptions gracefully when interacting with the music streaming APIs, providing informative error messages to users and ensuring the stability and reliability of the platform.",integration,,,,
Consistent User Experience,"The platform should maintain a consistent user experience across different music streaming APIs, ensuring that the interface and functionality are familiar to users regardless of the integrated music streaming service they choose.",integration,,,,
Fast Music Discovery,The music discovery feature should load and display new music and talent within 2 seconds to provide a seamless user experience.,performance,,,,
Efficient Profile Loading,"User profiles of musicians and influencers should load within 3 seconds, even during peak usage times, to ensure smooth browsing and collaboration.",performance,,,,
Quick Search Results,"When users search for specific music genres or talent, search results should be displayed within 2 seconds to maintain user engagement and satisfaction.",performance,,,,
Smooth Sponsorship Deal Sign-up,"The platform should ensure that the sign-up process for sponsorship deals with record labels and brands takes no longer than 3 seconds, providing a seamless experience for creators.",performance,,,,
Optimized Media Loading,"Media elements (images, videos) associated with music and talent profiles should load within 4 seconds to maintain user interest and engagement.",performance,,,,
Secure User Authentication,"The platform should implement secure user authentication mechanisms, such as multi-factor authentication, to prevent unauthorized access to user accounts.",security,,,,
Data Encryption,"Sensitive user data, such as personal information and payment details, should be encrypted both at rest and in transit to protect against unauthorized access or interception.",security,,,,
Access Controls,The platform should enforce role-based access controls to ensure that only authorized users have access to specific features and data.,security,,,,
Secure API Integration,"Any third-party APIs used for music discovery or other platform functionalities should be securely integrated, with proper authentication and authorization mechanisms in place.",security,,,,
Secure File Uploads,"When users upload music files or other content, the platform should implement measures to scan and validate the files for potential malware or malicious code.",security,,,,
Protection against Cross-Site Scripting (XSS) Attacks,"The platform should implement measures to sanitize user-generated content and prevent XSS attacks, which could lead to the execution of malicious scripts.",security,,,,
Protection against SQL Injection Attacks,"The platform should implement input validation and parameterized queries to prevent SQL injection attacks, which could lead to unauthorized access or manipulation of the database.",security,,,,
Secure Communication Channels,"All communication between users, including messaging and collaboration features, should be encrypted to protect against eavesdropping or interception.",security,,,,
Secure Payment Processing,"If the platform supports sponsorship deals or other financial transactions, it should ensure secure payment processing, including compliance with Payment Card Industry Data Security Standard (PCI DSS) requirements.",security,,,,
Regular Security Audits and Penetration Testing,The platform should undergo regular security audits and penetration testing to identify and address any vulnerabilities or weaknesses in the system.,security,,,,
Secure Data Backup and Disaster Recovery,The platform should implement secure data backup and disaster recovery mechanisms to ensure the availability and integrity of user data in the event of a system failure or data loss.,security,,,,
Intellectual Property Rights Protection,"The platform should have mechanisms in place to protect the intellectual property rights of musicians and influencers, ensuring that their content is not used without permission or proper attribution.",regulatory,,,,
Compliance with Copyright Laws,"The platform should comply with copyright laws, ensuring that unauthorized use of copyrighted music or content is prevented and appropriate licensing agreements are in place.",regulatory,,,,
Data Privacy and Consent,"The platform should adhere to data privacy regulations, obtaining proper consent from users for the collection, storage, and processing of their personal information, and providing mechanisms for data access, rectification, and deletion requests.",regulatory,,,,
Transparency in Sponsorship Deals,"The platform should provide transparency in sponsorship deals, ensuring that the terms and conditions of sponsorship agreements are clearly communicated to both creators and brands, and that any potential conflicts of interest are disclosed.",regulatory,,,,
High Availability for Music Discovery,The music discovery feature should have a high availability rate of 99.99% to ensure users can always discover new music and talent on the platform.,reliability,,,,
Fast Response Time for Music Discovery,The music discovery feature should have a fast response time of less than 500 milliseconds to provide a seamless and responsive user experience.,reliability,,,,
Scalability for Music Discovery,The music discovery feature should be able to handle a large number of concurrent users and scale horizontally to accommodate increasing traffic and user demand.,reliability,,,,
Data Integrity for Music Discovery,"The music discovery feature should ensure the integrity of the data displayed, such as accurate artist information, song titles, and album covers, to provide reliable and trustworthy content to users.",reliability,,,,
Fault Tolerance for Music Discovery,"The music discovery feature should be fault-tolerant, meaning it should continue to function properly even in the event of system failures or disruptions, ensuring uninterrupted access to music and talent discovery.",reliability,,,,
Intuitive Music Discovery,"The platform should provide an intuitive and user-friendly music discovery experience, allowing users to easily find new music and talent for inspiration and potential collaborations.",usability,,,,
Clear and Informative Music Profiles,"Each music profile should present clear and informative details about the artist or talent, including their background, genre, influences, and sample tracks or performances.",usability,,,,
Efficient Search and Filter Options,"Users should be able to quickly search for specific music profiles and filter results based on genres, popularity, location, or other relevant criteria.",usability,,,,
Responsive and Interactive Music Playback,"The platform should provide a responsive and interactive music playback feature, allowing users to easily listen to sample tracks or performances without interruptions or delays.",usability,,,,
Collaboration Request Workflow,"The platform should facilitate a smooth and efficient collaboration request workflow, allowing users to easily send and receive collaboration requests, negotiate terms, and track the progress of ongoing collaborations.",usability,,,,
Scalable User Profile Storage,"As the number of users and their profile data grows, the system should be able to scale the storage infrastructure to accommodate the increased demand for storing and retrieving user profiles efficiently.",scalability,,,,
Horizontal Scalability for Collaboration Features,"To handle increased collaboration activities and concurrent interactions between musicians and influencers, the system should be designed to scale horizontally by adding more instances or servers to distribute the load and ensure optimal performance.",scalability,,,,
Efficient Search and Recommendation Engine,"As the platform grows and more content is added, the search and recommendation engine should be scalable to handle the increased volume of data and provide fast and accurate search results and personalized recommendations.",scalability,,,,
Scalable Media Storage and Streaming,"To support the upload and streaming of music and other media content, the system should be able to scale the storage and streaming infrastructure to handle the growing number of media files and ensure smooth playback for users.",scalability,,,,
Scalable Infrastructure for Sponsorship Deals,"As the number of creators and sponsorship deals increases, the system should be able to scale the infrastructure to handle the growing demand for processing and managing sponsorship deals efficiently.",scalability,,,,
Compliance with Advertising Regulations,"The platform should comply with advertising regulations, ensuring that sponsored content is clearly labeled as such and that any claims or endorsements made by creators are truthful and not misleading.",regulatory,,,,
Age Verification and Content Restrictions,"The platform should implement age verification mechanisms to prevent underage users from accessing inappropriate content, and should enforce content restrictions based on applicable regulations and industry standards.",regulatory,,,,
