Title,Collaboration Opportunity Notifications,Unnamed: 2,Unnamed: 3,Unnamed: 4,Unnamed: 5,Unnamed: 6
Description,Content production managers can receive notifications about new collaboration opportunities with creators.,,,,,
,,,,,,
Features,,,,,,
Title,Description,,,,,
Collaboration Opportunity Notifications,Content production managers can receive notifications about new collaboration opportunities with creators.,,,,,
User Stories,,,,,,
Title,Description,Benefit,Acceptance Criteria,Difficulty,Priority,
Collaboration Opportunity Notifications,"As a content production manager, I want to receive notifications about new collaboration opportunities with creators.",Enables me to stay updated on potential collaborations and seize relevant opportunities.,The platform should send notifications for new collaboration requests or proposals.The platform should allow users to set preferences for the types of collaborations they are interested in.The platform should provide a notification center to manage and view all notifications.,Low,Medium,
Functional Requirements,,,,,,
Title,Description,Priority,Inputs,Outputs,Processes,Constraints
Input Requirements: Collaboration Preferences,Content production managers can input their preferences for the types of collaborations they are interested in.,Medium,Collaboration Preferences,,Content production manager sets collaboration preferences.,
Processing Requirements: Collaboration Opportunity Notifications,The system will process new collaboration requests or proposals and send notifications to content production managers.,High,,,"System receives new collaboration requests or proposals.,System sends notifications to content production managers.",
Output Requirements: Notification Center,The system will provide a notification center for content production managers to manage and view all notifications.,High,,Notification Center,,
User Interface Requirements: Collaboration Opportunity Notifications,The system will display notifications about new collaboration opportunities with creators on the content production manager's dashboard.,High,,Notifications on Dashboard,,
Transactional Requirements: Collaboration Opportunity Notifications,The system will store and manage collaboration requests or proposals and their status.,Medium,,Collaboration Requests or Proposals,,
Business Rules: Collaboration Opportunity Notifications,Only content production managers will receive notifications about new collaboration opportunities with creators.,Critical,,,,Only content production managers receive notifications.
Non Functional Requirements,,,,,,
Title,Description,Type,,,,
Reliable Notification Delivery,"The system should ensure reliable delivery of collaboration opportunity notifications to content production managers, minimizing the risk of missed opportunities.",reliability,,,,
High Availability,The platform should have a target uptime of 99.99% to ensure that content production managers can access and respond to collaboration opportunities at any time.,reliability,,,,
Fault Tolerance,"The system should be designed to handle failures and errors gracefully, minimizing the impact on collaboration opportunity notifications and ensuring uninterrupted service.",reliability,,,,
Data Integrity,"The platform should maintain the integrity of collaboration opportunity data, ensuring that notifications contain accurate and up-to-date information.",reliability,,,,
Scalability,The system should be able to handle increasing numbers of collaboration opportunities and content production managers without compromising performance or reliability.,reliability,,,,
Scalable User Profile Storage,"As the number of creators and users on the platform increases, the system should be able to handle the storage and retrieval of large amounts of user profile data efficiently.",scalability,,,,
Horizontal Scalability for Collaboration Opportunity Notifications,"To ensure timely delivery of collaboration opportunity notifications to content production managers, the system should be horizontally scalable, allowing for the distribution of notification processing across multiple servers.",scalability,,,,
Efficient Search and Filtering for Creator Profiles,"As the number of creators on the platform grows, the system should be able to handle search and filtering operations on creator profiles quickly and efficiently, ensuring a smooth user experience.",scalability,,,,
Vertical Scalability for Sponsorship Deal Signings,"To accommodate an increasing number of sponsorship deal signings, the system should be vertically scalable, allowing for the addition of more resources to handle the increased load and processing requirements.",scalability,,,,
Scalable Media Storage and Streaming,"As creators produce and upload more content, the system should be able to scale its media storage and streaming capabilities to handle the increasing demand for content consumption by record labels and brands.",scalability,,,,
Notification Customization,"Content production managers should have the ability to customize the types of collaboration opportunities they receive notifications for, allowing them to focus on the most relevant opportunities.",usability,,,,
Notification Frequency,"Content production managers should be able to choose the frequency at which they receive notifications for new collaboration opportunities, such as daily, weekly, or real-time.",usability,,,,
Clear and Concise Notifications,"Notifications about new collaboration opportunities should provide clear and concise information, including the creator's profile, the nature of the collaboration, and any relevant deadlines or requirements.",usability,,,,
Notification Delivery,"Notifications about new collaboration opportunities should be delivered in a timely manner, ensuring that content production managers have enough time to review and respond to the opportunities.",usability,,,,
Notification Management,"Content production managers should have the ability to easily manage their notification preferences, such as opting in or out of specific types of collaboration opportunities or temporarily disabling notifications.",usability,,,,
Real-time Collaboration Opportunity Notifications,"Content production managers should receive real-time notifications about new collaboration opportunities with creators, ensuring timely response and engagement.",performance,,,,
Fast Loading of Creator Profiles,"When record labels and brands view creator profiles, the profiles should load within 2 seconds, providing a smooth user experience and efficient browsing.",performance,,,,
Quick Search for Creators,"When searching for creators based on specific criteria (e.g., genre, follower count), search results should be displayed within 3 seconds, even during peak usage times.",performance,,,,
Efficient Media Loading for Content,"Media elements (images, videos) associated with creator content should load within 4 seconds to maintain user engagement and interest.",performance,,,,
Optimized Sign-up Process for Sponsorship Deals,"The sign-up process for creators to be considered for sponsorship deals should be streamlined and completed within 5 seconds, ensuring a seamless experience for both creators and brands.",performance,,,,
Secure User Authentication,"The platform should implement secure user authentication mechanisms, such as multi-factor authentication, to prevent unauthorized access to user accounts.",security,,,,
Data Encryption,"Sensitive user data, such as personal information and collaboration details, should be encrypted both at rest and in transit to protect against unauthorized access.",security,,,,
Access Control,The platform should enforce role-based access control to ensure that only authorized users have access to specific features and data.,security,,,,
Secure Collaboration Opportunities,"When sending collaboration opportunity notifications to content production managers, the platform should ensure that the notifications are genuine and not phishing attempts.",security,,,,
Protection against Account Takeover,"The platform should implement measures to detect and prevent account takeover attacks, such as brute force attacks and credential stuffing.",security,,,,
Compliance with Intellectual Property Rights,"The platform should ensure that all content shared and used by creators, record labels, and brands comply with intellectual property rights, including copyright and trademark laws.",regulatory,,,,
Data Protection and Privacy Compliance,"The platform should adhere to data protection and privacy regulations, ensuring that user data is securely stored, processed, and shared only with explicit consent.",regulatory,,,,
Transparent Sponsorship Disclosure,"The platform should require creators to disclose any sponsorship or brand partnership in their content, in compliance with advertising and disclosure regulations.",regulatory,,,,
Age Verification and COPPA Compliance,The platform should implement age verification mechanisms to ensure compliance with the Children's Online Privacy Protection Act (COPPA) and other regulations related to the protection of minors.,regulatory,,,,
Financial Transaction Security,"The platform should implement secure payment processing and financial transaction mechanisms, complying with industry standards and regulations to protect user financial information.",regulatory,,,,
Real-time Collaboration Opportunity Notifications,"The system should provide real-time notifications to content production managers about new collaboration opportunities with creators, ensuring timely and efficient communication.",integration,,,,
Integration with Collaboration Opportunity Database,"The system should integrate with a collaboration opportunity database to retrieve and display relevant opportunities to content production managers, ensuring a comprehensive and up-to-date list of available collaborations.",integration,,,,
Secure Authentication and Authorization,"The system should implement secure authentication and authorization mechanisms when accessing the collaboration opportunity database, ensuring that only authorized users can view and manage collaboration opportunities.",integration,,,,
Data Exchange Formats and Protocols,"The system should support standard data exchange formats and protocols (e.g., JSON, RESTful APIs) when communicating with the collaboration opportunity database, ensuring seamless integration and interoperability.",integration,,,,
Error Handling and Logging,"The system should implement robust error handling and logging mechanisms to capture and handle any errors or exceptions that occur during the integration with the collaboration opportunity database, ensuring system stability and troubleshooting capabilities.",integration,,,,
