Title,Creator Portfolio Showcase,Unnamed: 2,Unnamed: 3,Unnamed: 4,Unnamed: 5,Unnamed: 6
Description,Marketing professionals can view creators' portfolio showcases on the platform to see their best work and collaborations.,,,,,
,,,,,,
Features,,,,,,
Title,Description,,,,,
Creator Portfolio Showcase,Marketing professionals can view creators' portfolio showcases on the platform to see their best work and collaborations.,,,,,
User Stories,,,,,,
Title,Description,Benefit,Acceptance Criteria,Difficulty,Priority,
Creator Portfolio Showcase,"As a marketing professional, I want creators to have a portfolio showcase on the platform to showcase their best work and collaborations.",Allows the user to quickly assess the creators' capabilities and style through their portfolio.,"The platform should provide a section for creators to showcase their best work, including images, videos, and campaign highlights.The portfolio showcase should be visually appealing and easy to navigate.",Low,Low,
Functional Requirements,,,,,,
Title,Description,Priority,Inputs,Outputs,Processes,Constraints
Input Requirements: Creator Portfolio Content,"Creators can input images, videos, and campaign highlights to showcase their best work.",High,"Images,Videos,Campaign Highlights",,"Creators upload images, videos, and campaign highlights.",Creators can only upload content within specified file size and format limits.
Output Requirements: Visual Showcase,The platform should display the creators' portfolio showcase in a visually appealing and easy-to-navigate format.,High,,Visual showcase of creators' portfolio,,
User Interface Requirements: Navigation,The platform should provide intuitive navigation options to browse through the creators' portfolio showcase.,Medium,,,,
User Interface Requirements: Media Display,The platform should display images and videos in a visually appealing and user-friendly manner.,Medium,,,,
User Interface Requirements: Campaign Highlights,The platform should highlight the creators' campaign highlights in a prominent and engaging way.,Medium,,,,
User Interface Requirements: Filtering and Sorting,"The platform should provide options to filter and sort the creators' portfolio showcase based on different criteria such as category, popularity, and date.",Medium,,,,
Business Rules: Content Moderation,The platform should enforce content moderation rules to ensure that the creators' portfolio showcase complies with community guidelines and legal requirements.,Critical,,,,
Business Rules: Portfolio Visibility,The creators' portfolio showcase should only be visible to marketing professionals and authorized users.,Critical,,,,
Non Functional Requirements,,,,,,
Title,Description,Type,,,,
Scalable Infrastructure for Growing User Base,"As the platform attracts more musicians, influencers, record labels, and brands, the system should be able to handle the increased user base without compromising performance. The infrastructure should be scalable to accommodate a growing number of users and their interactions.",scalability,,,,
Efficient Search and Filtering for Creator Profiles,"As the number of creators on the platform increases, the system should provide efficient search and filtering capabilities for marketing professionals to find and view creator profiles. The search and filtering functionality should remain responsive and performant even with a large number of profiles.",scalability,,,,
Optimized Media Streaming for Collaborative Content,"When musicians and influencers collaborate on content production, the system should ensure scalable media streaming capabilities. This includes the ability to handle high-quality audio and video streaming, especially during live collaborations or when multiple creators are involved.",scalability,,,,
Scalable Storage for Content and Media Assets,"As the platform accumulates a large amount of content and media assets, the system should have scalable storage solutions to efficiently store and retrieve these assets. This includes audio files, video files, images, and other media used in collaborations and creator portfolios.",scalability,,,,
Dynamic Scaling for High-Traffic Events,"During high-profile events or campaigns, such as sponsorship deal announcements or exclusive content releases, the system should dynamically scale resources to handle sudden surges in traffic. This ensures that the platform remains responsive and accessible to all users, even during peak usage periods.",scalability,,,,
Secure User Authentication,"The platform should implement secure user authentication mechanisms, such as password hashing and salting, to protect user accounts from unauthorized access.",security,,,,
Data Encryption,"Sensitive user data, such as personal information and collaboration details, should be encrypted both in transit and at rest to prevent unauthorized access or data breaches.",security,,,,
Access Controls,"The platform should enforce role-based access controls to ensure that only authorized individuals can view and modify user profiles, collaboration details, and sponsorship deals.",security,,,,
Secure File Uploads,"When creators upload their portfolio showcases or other content, the platform should scan and validate the files for potential security threats, such as malware or malicious code.",security,,,,
Protection against Account Takeover,"The platform should implement measures to detect and prevent account takeover attacks, such as suspicious login activity monitoring, multi-factor authentication, and session management.",security,,,,
Secure Communication Channels,"All communication channels within the platform, including messaging and collaboration discussions, should be encrypted to protect the privacy and integrity of the conversations.",security,,,,
Audit Logging,"The platform should maintain detailed audit logs of user activities, including profile updates, collaboration requests, and sponsorship deal negotiations, to facilitate forensic analysis in case of security incidents.",security,,,,
Secure Third-Party Integrations,"When integrating with external services or APIs, the platform should ensure that proper security measures, such as secure authentication and data encryption, are in place to protect against potential vulnerabilities or data leaks.",security,,,,
Fast Loading of Creator Portfolios,"When marketing professionals view creators' portfolio showcases, the portfolios should load within 3 seconds to provide a smooth and efficient browsing experience.",performance,,,,
Responsive Design for Portfolio Showcases,"The platform should be optimized for different devices and screen sizes, ensuring that creator portfolio showcases are displayed correctly and responsively, regardless of the user's device.",performance,,,,
Efficient Search for Creators,"When searching for creators on the platform, search results should be displayed within 2 seconds, even during peak usage times, to provide a seamless user experience.",performance,,,,
Real-time Collaboration Updates,"When creators collaborate on content production, the platform should update in real-time (within 1 second) to reflect the latest changes and ensure smooth collaboration.",performance,,,,
Optimized Performance for Sponsorship Deal Signings,"When record labels and brands sign creators for sponsorship deals, the platform should handle the signing process efficiently, ensuring that the entire process takes no longer than 5 seconds.",performance,,,,
High Availability for Creator Portfolio Showcase,"The platform should ensure high availability for the Creator Portfolio Showcase feature, with a target uptime of 99.99%, to ensure that marketing professionals can access creators' portfolio showcases at all times.",reliability,,,,
Data Integrity for Creator Portfolio Showcase,"The platform should maintain the integrity of creators' portfolio showcases, ensuring that the displayed content accurately represents their best work and collaborations. Any changes or updates to the showcases should be reflected accurately and in a timely manner.",reliability,,,,
Secure Access to Creator Portfolio Showcase,"Access to creators' portfolio showcases should be restricted to authorized users only, such as marketing professionals and potential sponsors. The platform should implement appropriate authentication and authorization mechanisms to ensure that only authorized users can view the showcases.",reliability,,,,
Backup and Recovery of Creator Portfolio Showcase Data,"The platform should perform regular backups of creators' portfolio showcase data to prevent data loss. In the event of a system failure or data corruption, the platform should have a robust recovery process in place to restore the showcases to their latest state.",reliability,,,,
Scalability of Creator Portfolio Showcase,The platform should be able to handle a growing number of creators and their portfolio showcases without compromising performance. It should be scalable to accommodate increasing user demand and ensure a smooth browsing experience for marketing professionals.,reliability,,,,
Integration with Social Media APIs,"The platform should integrate with popular social media APIs (such as Instagram, YouTube) to fetch creators' portfolio showcases, ensuring up-to-date and comprehensive information for marketing professionals.",integration,,,,
Secure Authentication and Authorization,"The platform should implement secure authentication and authorization mechanisms when accessing creators' portfolio showcases, ensuring that only authorized users can view the content.",integration,,,,
Scalable and Reliable API Integration,"The platform should integrate with social media APIs in a scalable and reliable manner, handling high volumes of requests and ensuring minimal downtime or service disruptions.",integration,,,,
Error Handling and Resilience,"The platform should handle errors and exceptions gracefully when interacting with social media APIs, providing meaningful error messages and implementing retry mechanisms to ensure resilience in case of temporary failures.",integration,,,,
Data Privacy and Compliance,"The platform should adhere to data privacy regulations and comply with the terms and conditions of social media APIs, ensuring that creators' personal information and content are handled securely and in accordance with applicable laws.",integration,,,,
Intellectual Property Rights Protection,"The platform should have mechanisms in place to protect the intellectual property rights of creators, ensuring that their content is not used without permission or proper attribution.",regulatory,,,,
Compliance with Advertising Standards,"The platform should adhere to advertising standards and regulations, ensuring that sponsored content is clearly labeled and transparent to users.",regulatory,,,,
Data Privacy and Consent,"The platform should comply with data privacy regulations, obtaining proper consent from creators and users for the collection, storage, and processing of their personal information.",regulatory,,,,
Age Verification,"If the platform allows creators or users under a certain age, it should implement age verification mechanisms to ensure compliance with age restrictions and regulations.",regulatory,,,,
Transparency in Sponsorship Deals,"The platform should provide transparent reporting on sponsorship deals, including details of the terms, compensation, and obligations for both creators and sponsors.",regulatory,,,,
Compliance with FTC Guidelines,"The platform should comply with the Federal Trade Commission (FTC) guidelines for influencer marketing, ensuring that creators disclose their relationships with sponsors and brands.",regulatory,,,,
Intuitive Creator Portfolio Showcase,"The showcase feature should have a user-friendly and intuitive design, allowing marketing professionals to easily navigate and explore creators' portfolios.",usability,,,,
Clear and Concise Showcase Content,"The showcase should present creators' best work and collaborations in a clear and concise manner, avoiding clutter and providing relevant information such as project details, media samples, and collaboration outcomes.",usability,,,,
Responsive Showcase Layout,"The showcase should adapt to different screen sizes and devices, ensuring a consistent and optimal viewing experience for marketing professionals accessing the platform from desktops, laptops, tablets, or smartphones.",usability,,,,
Efficient Search and Filtering,"Marketing professionals should be able to easily search for creators and filter showcase results based on criteria such as genre, location, popularity, or engagement metrics.",usability,,,,
Accessible Showcase Content,"The showcase should be accessible to users with disabilities, complying with accessibility standards and providing alternative text for images, captions for videos, and keyboard navigation support.",usability,,,,
