Title,Feedback and Support,Unnamed: 2,Unnamed: 3,Unnamed: 4,Unnamed: 5,Unnamed: 6
Description,Users can receive constructive feedback and support from the community on the platform to improve their skills and grow as artists.,,,,,
,,,,,,
Features,,,,,,
Title,Description,,,,,
Feedback and Support,Users can receive constructive feedback and support from the community on the platform to improve their skills and grow as artists.,,,,,
User Stories,,,,,,
Title,Description,Benefit,Acceptance Criteria,Difficulty,Priority,
Receive Feedback and Support,"As a music collaborator, I want to receive constructive feedback and support from the community on the platform so that I can improve my skills and grow as an artist.","Provides a supportive environment for the user to learn, receive guidance, and gain confidence in their musical abilities.","The platform should have a comment or review system for users to provide feedback on each other's work.The platform should encourage constructive criticism and discourage hate speech or negativity.The platform should have a community forum or groups where users can ask questions, share knowledge, and support each other.",Low,Medium,
Functional Requirements,,,,,,
Title,Description,Priority,Inputs,Outputs,Processes,Constraints
Output Requirements: Display Feedback,The system should display feedback on each user's profile or work.,High,,"Feedback Message,User ID of the Sender",,
User Interface Requirements: Comment System,The platform should have a comment system for users to provide feedback on each other's work.,Medium,,,,
User Interface Requirements: Community Forum,"The platform should have a community forum or groups where users can ask questions, share knowledge, and support each other.",Medium,,,,
Business Rules: Constructive Criticism,The platform should encourage users to provide constructive criticism in their feedback.,Critical,,,,
Business Rules: Discourage Hate Speech,The platform should discourage users from using hate speech or engaging in negative behavior in their feedback.,Critical,,,,
Input Requirements: Feedback Submission,Users can submit feedback on other users' work.,High,"Feedback Message,User ID of the Recipient",,"User enters feedback message.,User selects the recipient of the feedback.,System processes the feedback submission.",
Processing Requirements: Feedback Moderation,The system will moderate feedback to ensure it is constructive and discourages hate speech or negativity.,Medium,,,"System analyzes the content of the feedback.,System filters out feedback containing hate speech or negativity.,System flags potentially inappropriate feedback for manual review.",
Non Functional Requirements,,,,,,
Title,Description,Type,,,,
Community Guidelines Compliance,"The platform should enforce community guidelines to ensure that user-generated content and interactions adhere to legal and ethical standards, promoting a safe and respectful environment.",regulatory,,,,
Intellectual Property Rights Protection,"The platform should have mechanisms in place to protect intellectual property rights, ensuring that creators' original content is not used without permission or proper attribution.",regulatory,,,,
Transparency in Sponsorship Deals,"The platform should provide transparency in sponsorship deals, ensuring that creators and brands disclose any financial or material relationships to maintain trust and comply with advertising regulations.",regulatory,,,,
Compliance with Data Privacy Regulations,"The platform should handle user data in compliance with data privacy regulations, including obtaining proper consent for data collection, storage, and processing.",regulatory,,,,
Age Verification and COPPA Compliance,The platform should implement age verification mechanisms and comply with the Children's Online Privacy Protection Act (COPPA) to protect the privacy and safety of underage users.,regulatory,,,,
Scalable User Profile Storage,"As the number of users and their profiles increase, the system should be able to handle the storage and retrieval of user profile data efficiently, ensuring fast response times and minimal latency.",scalability,,,,
Horizontal Scalability for Collaboration Features,"As the platform grows and more users collaborate on content production, the system should be able to horizontally scale to handle increased collaboration demands, ensuring smooth and uninterrupted collaboration experiences.",scalability,,,,
Efficient Search and Filtering for Creator Discovery,"As the number of creators on the platform increases, the system should be able to efficiently handle search and filtering operations, ensuring quick retrieval of relevant creator profiles based on various criteria (genre, location, popularity, etc.).",scalability,,,,
Scalable Media Storage and Streaming,"As the platform hosts a large amount of media content (music, videos, etc.), the system should be able to handle scalable media storage and streaming, ensuring fast and uninterrupted playback for users accessing the content.",scalability,,,,
Vertical Scalability for Sponsorship Deal Management,"As the number of sponsorship deals and associated data increases, the system should be able to vertically scale to handle the increased load, ensuring efficient management of sponsorship deal information and quick retrieval of relevant data.",scalability,,,,
Fast Feedback Submission,"When users submit feedback on the platform, the system should process and display the feedback within 2 seconds to ensure a smooth and efficient user experience.",performance,,,,
Real-time Community Support,"The platform should provide real-time updates on the availability of community members to provide support and feedback, ensuring that users can receive timely assistance.",performance,,,,
Quick Profile Loading,"When users view creator profiles, the system should load the profiles within 3 seconds, even during peak usage times, to provide a seamless browsing experience.",performance,,,,
Efficient Content Collaboration,"The platform should facilitate fast and efficient content collaboration between musicians and influencers, ensuring that file uploads, version control, and communication features are responsive and performant.",performance,,,,
Smooth Sponsorship Deal Signings,"When record labels and brands sign creators for sponsorship deals, the system should process the signings within 2 seconds, providing a seamless and efficient workflow.",performance,,,,
Integration with Social Media Platforms,"The platform should integrate with popular social media platforms (such as Instagram, YouTube, TikTok) to allow creators to easily share their content and reach a wider audience.",integration,,,,
Secure Authentication and Authorization,The platform should integrate with a secure authentication and authorization system (such as OAuth 2.0) to ensure that only authorized users can access and interact with the platform's features and data.,integration,,,,
Real-time Notifications,The platform should integrate with a real-time notification system to provide users with instant updates on new feedback and support received from the community.,integration,,,,
Integration with Content Creation Tools,"The platform should integrate with popular content creation tools (such as Adobe Creative Cloud, Canva) to provide creators with seamless access to editing and design features for their content.",integration,,,,
Integration with Payment Gateways,"The platform should integrate with secure payment gateways (such as Stripe, PayPal) to facilitate sponsorship deals and ensure smooth and secure transactions between creators, record labels, and brands.",integration,,,,
Intuitive Collaboration Process,"The platform should provide an intuitive and user-friendly process for musicians and influencers to collaborate on content production. This includes clear instructions, easy-to-use tools, and a seamless communication system.",usability,,,,
Efficient Profile Navigation,"Users should be able to easily navigate and explore creator profiles on the platform. The profile layout should be well-organized, visually appealing, and provide relevant information such as past collaborations, skills, and achievements.",usability,,,,
Clear Feedback Interface,"The feedback and support feature should have a clear and user-friendly interface. Users should be able to easily provide feedback, leave comments, and offer support to other creators. The interface should also allow for constructive criticism and promote a positive and collaborative environment.",usability,,,,
Responsive Design,"The platform should have a responsive design that adapts to different screen sizes and devices. This ensures that users can access and use the platform seamlessly on desktop computers, laptops, tablets, and mobile devices.",usability,,,,
Accessible Support Resources,"The platform should provide easily accessible support resources, such as FAQs, tutorials, and help documentation. These resources should be well-organized, searchable, and available in multiple formats (text, video, etc.) to cater to different learning preferences.",usability,,,,
Secure User Authentication,"The platform should implement secure user authentication mechanisms, such as multi-factor authentication, to prevent unauthorized access to user accounts.",security,,,,
Data Encryption,"Sensitive user data, such as personal information and payment details, should be encrypted both at rest and in transit to protect against unauthorized access.",security,,,,
Access Controls,The platform should enforce role-based access controls to ensure that only authorized users have access to specific features and data.,security,,,,
Secure Communication,"All communication between users, including messages and file transfers, should be encrypted to protect against eavesdropping and data interception.",security,,,,
Secure Payment Processing,"When processing payments for sponsorship deals, the platform should integrate with secure payment gateways and adhere to industry-standard security protocols to protect user financial information.",security,,,,
Protection against Malicious Content,The platform should implement content filtering and moderation mechanisms to prevent the spread of malicious or harmful content that could compromise user security.,security,,,,
Regular Security Audits,The platform should undergo regular security audits and vulnerability assessments to identify and address any potential security weaknesses or vulnerabilities.,security,,,,
High Availability for Feedback and Support Feature,The Feedback and Support feature should have a high availability with a target uptime of 99.99% to ensure that users can always receive constructive feedback and support from the community.,reliability,,,,
Real-time Notification for New Feedback,"Users should receive real-time notifications for new feedback received on their content, ensuring timely response and engagement with the community.",reliability,,,,
Data Integrity for Feedback and Support,"The system should ensure the integrity of feedback data, preventing data loss or corruption to maintain the accuracy and reliability of feedback received by users.",reliability,,,,
Scalability for Increased User Activity,"The Feedback and Support feature should be scalable to handle increased user activity, ensuring smooth performance and responsiveness even during peak usage periods.",reliability,,,,
Backup and Recovery of Feedback Data,"Regular backups of feedback data should be performed to prevent data loss. In the event of a system failure, the system should have a recovery process in place to restore feedback data quickly and accurately.",reliability,,,,
