Title,Filter Creator Search Results,Unnamed: 2,Unnamed: 3,Unnamed: 4,Unnamed: 5,Unnamed: 6
Description,Brand sponsorship managers can filter and narrow down the search results based on specific criteria to find creators who align with the brand's values and target audience.,,,,,
,,,,,,
Features,,,,,,
Title,Description,,,,,
Filter Creator Search Results,Brand sponsorship managers can filter and narrow down the search results based on specific criteria to find creators who align with the brand's values and target audience.,,,,,
User Stories,,,,,,
Title,Description,Benefit,Acceptance Criteria,Difficulty,Priority,
Filter Creator Search Results,"As a brand sponsorship manager, I want to be able to filter and narrow down the search results based on specific criteria so that I can find creators who align with the brand's values and target audience.",Saves time and effort by allowing the brand sponsorship manager to focus on relevant creators for potential collaborations.,"The platform should provide search filters such as audience demographics, content category, engagement metrics, location, and previous brand partnerships.The filters should effectively refine the search results.",Medium,High,
Functional Requirements,,,,,,
Title,Description,Priority,Inputs,Outputs,Processes,Constraints
Input Requirements: Audience Demographics Filter,"Brand sponsorship managers can input specific audience demographics criteria such as age, gender, location, and interests to filter creator search results.",High,"Age,Gender,Location,Interests",List of creators matching the audience demographics filter criteria.,"Brand sponsorship manager sets audience demographics filter criteria.,System processes and matches creator search results based on filter criteria.",Only creators with available audience demographics data are displayed.
Input Requirements: Content Category Filter,Brand sponsorship managers can input specific content category criteria to filter creator search results.,Medium,Content Category,List of creators matching the content category filter criteria.,"Brand sponsorship manager sets content category filter criteria.,System processes and matches creator search results based on filter criteria.",Only creators with available content category data are displayed.
Input Requirements: Engagement Metrics Filter,"Brand sponsorship managers can input specific engagement metrics criteria such as follower count, likes, comments, and shares to filter creator search results.",High,"Follower Count,Likes,Comments,Shares",List of creators matching the engagement metrics filter criteria.,"Brand sponsorship manager sets engagement metrics filter criteria.,System processes and matches creator search results based on filter criteria.",Only creators with available engagement metrics data are displayed.
Input Requirements: Location Filter,Brand sponsorship managers can input specific location criteria to filter creator search results.,Medium,Location,List of creators matching the location filter criteria.,"Brand sponsorship manager sets location filter criteria.,System processes and matches creator search results based on filter criteria.",Only creators with available location data are displayed.
Input Requirements: Previous Brand Partnerships Filter,Brand sponsorship managers can input specific previous brand partnerships criteria to filter creator search results.,Medium,Previous Brand Partnerships,List of creators matching the previous brand partnerships filter criteria.,"Brand sponsorship manager sets previous brand partnerships filter criteria.,System processes and matches creator search results based on filter criteria.",Only creators with available previous brand partnerships data are displayed.
Processing Requirements: Search Results Refinement,"Based on the input filter criteria, the system will refine and display creator search results.",High,Filter Criteria,Refined list of creator search results.,"System receives filter criteria from brand sponsorship manager.,System refines creator search results based on filter criteria.",Search results are based on available data for each creator.
Output Requirements: Creator Search Results Display,The system should display the refined list of creator search results with relevant details.,High,,Formatted list of creator search results.,System processes and formats creator search results.,Only relevant details are displayed for each creator.
User Interface Requirements: Search Filters,"Provide user-friendly checkboxes, dropdowns, and sliders for brand sponsorship managers to easily set filter criteria.",High,,Filter criteria set by brand sponsorship manager.,Brand sponsorship manager interacts with UI elements to set filter criteria.,UI elements are based on available filter criteria.
Business Rules: Creator Classification,Only creators classified under specific categories by the platform or creators themselves will be displayed in the search results.,Critical,,,,Only creators with specific classifications are displayed.
Non Functional Requirements,,,,,,
Title,Description,Type,,,,
Integration with Social Media APIs,"The platform should integrate with popular social media APIs (such as Instagram, YouTube) to retrieve creators' profile information and social media metrics, enabling brands to make informed sponsorship decisions.",integration,,,,
Secure Authentication and Authorization,The platform should implement secure authentication and authorization mechanisms (such as OAuth 2.0) to ensure that only authorized users can access and interact with the system's features and data.,integration,,,,
Compliance with Intellectual Property Rights,"The platform should ensure that all content shared and used by creators and brands comply with intellectual property rights, including copyright and trademark laws.",regulatory,,,,
Data Privacy and Consent,"The platform should adhere to data privacy regulations and obtain explicit consent from creators and brands for the collection, storage, and processing of their personal information.",regulatory,,,,
Transparency in Sponsorship Deals,"The platform should provide transparent reporting on sponsorship deals, including details of financial transactions, to ensure compliance with industry regulations and prevent fraudulent activities.",regulatory,,,,
Age Verification for Minors,"If the platform allows creators under the legal age of consent to participate, it should implement age verification mechanisms to comply with child protection laws and prevent exploitation.",regulatory,,,,
Compliance with Advertising Standards,"The platform should ensure that sponsored content created by creators complies with advertising standards and regulations, including disclosure requirements for paid promotions.",regulatory,,,,
High Availability for Creator Search,"The platform should ensure high availability for the filter creator search feature, with a target uptime of 99.9%, to allow brand sponsorship managers to find creators at any time without disruptions.",reliability,,,,
Fault Tolerance for Creator Search,The system should be fault-tolerant and able to handle unexpected errors or failures during the filter creator search process. It should provide appropriate error handling and recovery mechanisms to minimize disruptions for brand sponsorship managers.,reliability,,,,
Data Integrity for Creator Profiles,"The platform should ensure the integrity of creator profile data, including accurate and up-to-date information. It should have mechanisms in place to prevent data corruption or unauthorized modifications.",reliability,,,,
Secure Access to Creator Search,"The system should enforce secure access controls for the filter creator search feature, ensuring that only authorized brand sponsorship managers can perform searches and view creator profiles. This includes authentication, authorization, and encryption of sensitive data.",reliability,,,,
Scalability for Creator Search,The platform should be able to handle a growing number of brand sponsorship managers using the filter creator search feature simultaneously. It should scale horizontally or vertically to accommodate increased demand without performance degradation.,reliability,,,,
Real-time Notifications,"The platform should provide real-time notifications to brand sponsorship managers when new creators matching their search criteria become available, ensuring timely and efficient collaboration opportunities.",integration,,,,
Data Privacy and Compliance,"The platform should comply with data privacy regulations (such as GDPR) and implement appropriate measures to protect the personal information of creators and brand sponsorship managers, ensuring data confidentiality and integrity.",integration,,,,
Integration with Payment Gateways,"The platform should integrate with payment gateways (such as PayPal, Stripe) to facilitate secure and seamless transactions for sponsorship deals, ensuring efficient and reliable payment processing.",integration,,,,
Secure User Authentication,"The platform should implement secure user authentication mechanisms, such as multi-factor authentication, to prevent unauthorized access to user accounts.",security,,,,
Data Encryption,"Sensitive user data, such as personal information and payment details, should be encrypted both at rest and in transit to protect against unauthorized access.",security,,,,
Access Control,The platform should enforce role-based access control to ensure that only authorized users have access to specific features and data.,security,,,,
Secure Communication,"All communication between users, including messaging and file sharing, should be encrypted to protect the confidentiality and integrity of the data.",security,,,,
Secure Payment Processing,"When processing sponsorship deals and payments, the platform should integrate with secure payment gateways and follow industry-standard security practices to protect financial transactions.",security,,,,
Protection against Malicious Content,"The platform should implement mechanisms to detect and prevent the upload or sharing of malicious content, such as malware or copyrighted material, to protect users from potential harm.",security,,,,
Regular Security Audits,The platform should undergo regular security audits and vulnerability assessments to identify and address any potential security weaknesses or vulnerabilities.,security,,,,
Secure Data Backup and Recovery,Regular backups of user data should be performed and stored securely to ensure data availability in case of system failures or disasters. The platform should also have a robust data recovery plan in place.,security,,,,
Scalable User Profile Storage,"As the number of creators and brands on the platform grows, the system should be able to handle the increased storage requirements for user profiles efficiently, ensuring fast retrieval and updates.",scalability,,,,
Horizontal Scalability for Search Functionality,"As the number of creators and brands on the platform increases, the system should be able to horizontally scale the search functionality to handle the growing volume of search queries without compromising performance.",scalability,,,,
Elastic Content Delivery for Media Assets,"To ensure a seamless user experience, the system should leverage content delivery networks (CDNs) to distribute and deliver media assets (e.g., music tracks, videos) efficiently, regardless of the geographical location of the creators and brands.",scalability,,,,
Scalable Recommendation Engine,"As the platform grows and the number of creators and brands increases, the recommendation engine should be able to handle the increased load and provide personalized recommendations to users in a timely manner.",scalability,,,,
Vertical Scalability for Sponsorship Deal Management,"The system should support vertical scalability to handle the increasing number of sponsorship deals between creators and brands, ensuring efficient management and processing of sponsorship-related data.",scalability,,,,
Fast Creator Search Results,"When brand sponsorship managers filter and narrow down search results, the system should display the results within 2 seconds to ensure a smooth and efficient search experience.",performance,,,,
Responsive Creator Profiles,"When viewing creator profiles, the system should load and display the profile information, including media elements, within 3 seconds to provide a seamless browsing experience.",performance,,,,
Efficient Sign-up Process,"When creators sign up on the platform, the registration process should be completed within 5 seconds to minimize user frustration and encourage more creators to join.",performance,,,,
Real-time Sponsorship Deal Updates,"When brand sponsorship managers view sponsorship deals, the system should update the deal status and details in real-time (within 1 second) to provide accurate and up-to-date information.",performance,,,,
Optimized Media Loading for Content Collaboration,"When creators collaborate on content production, media elements (e.g., audio, video) should load within 4 seconds to ensure a smooth and efficient collaboration process.",performance,,,,
Efficient Creator Search,The platform should provide a fast and responsive search functionality for brand sponsorship managers to quickly find creators based on specific criteria.,usability,,,,
Clear and Relevant Search Filters,"The search filters should be clearly labeled and relevant to the criteria that brand sponsorship managers use to find creators, such as location, genre, follower count, engagement rate, and content type.",usability,,,,
Intuitive Search Interface,"The search interface should be user-friendly and intuitive, allowing brand sponsorship managers to easily navigate and understand how to use the search functionality.",usability,,,,
Accurate Search Results,"The search results should accurately match the specified criteria, ensuring that brand sponsorship managers find creators who align with their brand's values and target audience.",usability,,,,
Detailed Creator Profiles,"The creator profiles should provide comprehensive information about the creators, including their bio, social media handles, portfolio, past collaborations, and performance metrics.",usability,,,,
Visual Representation of Creator Profiles,"The creator profiles should visually represent the creators' work through images, videos, or audio samples, giving brand sponsorship managers a better understanding of their creative style and content quality.",usability,,,,
Easy Contact and Collaboration Initiation,"The platform should provide a seamless and straightforward process for brand sponsorship managers to contact and initiate collaborations with creators, such as through direct messaging or email.",usability,,,,
Responsive and Mobile-Friendly Design,"The platform should be responsive and optimized for mobile devices, ensuring that brand sponsorship managers can access and use the platform effectively on different screen sizes and devices.",usability,,,,
