Title,Collaboration History Tracking,Unnamed: 2,Unnamed: 3,Unnamed: 4,Unnamed: 5,Unnamed: 6
Description,Content production managers can track and view the history of past collaborations with creators.,,,,,
,,,,,,
Features,,,,,,
Title,Description,,,,,
Collaboration History Tracking,Content production managers can track and view the history of past collaborations with creators.,,,,,
User Stories,,,,,,
Title,Description,Benefit,Acceptance Criteria,Difficulty,Priority,
Collaboration History Tracking,"As a content production manager, I want to track and view the history of past collaborations with creators.",Provides a record of past collaborations for reference and evaluation.,"The platform should maintain a history log of past collaborations, including project details, dates, and outcomes.The platform should allow users to filter and search the collaboration history based on various criteria.The platform should provide analytics and insights based on past collaborations.",Medium,Low,
Functional Requirements,,,,,,
Title,Description,Priority,Inputs,Outputs,Processes,Constraints
Input Requirements: Collaboration Details,Content production managers can input and store details of past collaborations with creators.,High,"Project Details,Dates,Outcomes",,"Content production manager inputs collaboration details.,System stores collaboration details.",Collaboration details are accurately recorded.
Processing Requirements: Collaboration History Filtering,The system should allow users to filter and search the collaboration history based on various criteria.,Medium,,,"User selects filter criteria.,System filters collaboration history based on criteria.",Filtering options are based on available collaboration history data.
Output Requirements: Collaboration History Display,"The system should display the collaboration history, including project details, dates, and outcomes.",High,,Collaboration History,,
Output Requirements: Analytics and Insights,The system should provide analytics and insights based on past collaborations.,Medium,,Analytics and Insights,,
User Interface Requirements: Collaboration History View,The system should provide a user-friendly interface for content production managers to view the collaboration history.,High,,,,
Business Rules: Collaboration History Retention,The system should retain the collaboration history indefinitely.,Critical,,,,Collaboration history is not deleted or purged.
Non Functional Requirements,,,,,,
Title,Description,Type,,,,
Secure User Authentication,"The platform should implement secure user authentication mechanisms, such as strong password policies, multi-factor authentication, and protection against brute force attacks.",security,,,,
Data Encryption,"Sensitive data, such as user profiles, collaboration history, and sponsorship deals, should be encrypted both at rest and in transit to protect against unauthorized access.",security,,,,
Access Controls,The platform should enforce role-based access controls to ensure that only authorized users have access to specific features and data. This includes restricting access to collaboration history tracking functionality to content production managers.,security,,,,
Secure Communication,"All communication between users, including messages, file sharing, and collaboration discussions, should be encrypted to prevent interception and unauthorized access.",security,,,,
Protection against Malicious Content,"The platform should implement measures to detect and prevent the upload and sharing of malicious content, such as malware-infected files or links to phishing websites.",security,,,,
Audit Logging,"All user actions, such as login attempts, profile updates, and collaboration history tracking, should be logged for auditing purposes. This helps in identifying and investigating any security incidents or policy violations.",security,,,,
Intuitive Collaboration History Tracking,"The platform should provide an intuitive and user-friendly interface for content production managers to track and view the history of past collaborations with creators. The process should be easy to navigate and understand, with clear labels and instructions.",usability,,,,
Efficient Search and Filter Options for Collaboration History,"Content production managers should be able to quickly search for specific collaborations and filter the history based on criteria such as creator name, date range, or project type. The search and filter options should be easily accessible and provide accurate results.",usability,,,,
Clear and Concise Collaboration History Display,"The collaboration history should be presented in a clear and concise manner, with relevant information such as creator name, project details, and dates clearly displayed. The layout should be visually appealing and easy to read, allowing content production managers to quickly scan and understand the information.",usability,,,,
Responsive and Fast Collaboration History Loading,"The platform should ensure that the collaboration history loads quickly and is responsive, even when there is a large amount of data. Users should not experience delays or lag when accessing and viewing the collaboration history.",usability,,,,
Secure Access to Collaboration History,"Access to the collaboration history should be restricted to authorized content production managers. The platform should implement appropriate security measures, such as user authentication and role-based access control, to ensure that only authorized users can view and manage the collaboration history.",usability,,,,
Scalable User Profile Storage,"As the number of creators and users on the platform grows, the system should be able to handle the increased storage requirements for user profiles, ensuring efficient retrieval and updates.",scalability,,,,
Horizontal Scalability for Collaboration History Tracking,"As the number of collaborations and content production managers increases, the system should be able to horizontally scale to handle the increased load and ensure fast retrieval of collaboration history data.",scalability,,,,
Efficient Search and Filtering for Creator Profiles,"As the number of creators on the platform grows, the system should be able to efficiently search and filter creator profiles based on various criteria, ensuring quick and accurate results even with a large number of profiles.",scalability,,,,
Scalable Content Storage and Delivery,"As the platform attracts more creators and content, the system should be able to scale its storage and delivery infrastructure to handle the increased volume of media files, ensuring fast and reliable access to content for users.",scalability,,,,
Vertical Scalability for Sponsorship Deal Management,"As the number of sponsorship deals and brands on the platform increases, the system should be able to vertically scale to handle the increased complexity and volume of data related to sponsorship deal management, ensuring efficient processing and retrieval of deal information.",scalability,,,,
Compliance with Intellectual Property Rights,"The platform should ensure that all content shared and used in collaborations adheres to intellectual property rights, including copyright and trademark laws.",regulatory,,,,
Data Privacy and Consent,"The platform should comply with data privacy regulations, ensuring that creators' personal information is collected, stored, and processed with their explicit consent and in accordance with applicable laws.",regulatory,,,,
Transparency in Sponsorship Deals,"The platform should provide transparency in sponsorship deals, including clear disclosure of sponsored content and compliance with advertising regulations, such as the Federal Trade Commission (FTC) guidelines.",regulatory,,,,
Age Verification for Content Access,"If the platform includes content that is restricted to certain age groups, it should implement age verification mechanisms to ensure compliance with age-restricted content regulations.",regulatory,,,,
Compliance with Payment Processing Regulations,"If the platform facilitates financial transactions, it should comply with payment processing regulations, including secure payment handling, fraud prevention, and adherence to relevant financial regulations.",regulatory,,,,
Fast Collaboration History Retrieval,"The system should retrieve and display the collaboration history of creators within 2 seconds, ensuring quick access to past collaborations for content production managers.",performance,,,,
Real-time Collaboration History Updates,Any updates to the collaboration history of creators should be reflected in real-time (within 1 second) to provide content production managers with the most up-to-date information.,performance,,,,
Efficient Profile Loading,"When viewing creator profiles, the system should load all relevant information and media within 3 seconds to maintain a smooth user experience.",performance,,,,
Quick Search for Creators,"When searching for creators, the system should return results within 2 seconds, even during peak usage times, to ensure efficient discovery and selection.",performance,,,,
Fast Sign-up Process for Sponsorship Deals,"The system should facilitate the sign-up process for sponsorship deals with creators within 3 seconds, allowing record labels and brands to quickly onboard new creators.",performance,,,,
Integration with Music Streaming APIs,"The platform should integrate with popular music streaming APIs (e.g., Spotify, Apple Music) to allow creators to showcase their music and enable record labels and brands to discover new talent.",integration,,,,
Secure Authentication and Authorization,"The platform should implement secure authentication and authorization mechanisms, such as OAuth 2.0, to ensure that only authorized users can access and interact with the platform's features and data.",integration,,,,
Real-time Collaboration Notifications,"The platform should provide real-time notifications to content production managers when a creator accepts or declines a collaboration request, ensuring timely communication and coordination.",integration,,,,
Integration with Social Media APIs,"The platform should integrate with popular social media APIs (e.g., Instagram, YouTube) to allow creators to showcase their social media presence and enable record labels and brands to evaluate their reach and engagement.",integration,,,,
Secure Data Exchange with Record Labels and Brands,"The platform should establish secure data exchange protocols (e.g., HTTPS, encryption) when sharing creator profiles and collaboration details with record labels and brands, ensuring the confidentiality and integrity of sensitive information.",integration,,,,
Integration with Sponsorship Management Systems,"The platform should integrate with sponsorship management systems used by record labels and brands, allowing them to seamlessly manage sponsorship deals, track performance, and process payments.",integration,,,,
Scalable Infrastructure for High Traffic,"The platform should be built on a scalable infrastructure that can handle high traffic and accommodate the growing number of creators, record labels, and brands using the platform.",integration,,,,
High Availability for Collaboration History Tracking,"The system should ensure high availability for the Collaboration History Tracking feature, with a target uptime of 99.99%, to allow content production managers to access and track past collaborations with creators at any time.",reliability,,,,
Data Integrity for Collaboration History Tracking,"The system should maintain data integrity for the Collaboration History Tracking feature, ensuring that all past collaboration records are accurate, complete, and free from errors or inconsistencies.",reliability,,,,
Backup and Recovery for Collaboration History Tracking,"The system should perform regular backups of the Collaboration History Tracking data and have a recovery process in place to restore the data in case of any data loss or system failure, with a Recovery Point Objective (RPO) of 24 hours or less.",reliability,,,,
Scalability for Collaboration History Tracking,"The system should be able to handle a growing number of collaboration records without any degradation in performance, ensuring that content production managers can efficiently track and view the history of past collaborations, even as the user base and data volume increase.",reliability,,,,
Security for Collaboration History Tracking,"The system should implement appropriate security measures to protect the confidentiality, integrity, and availability of the Collaboration History Tracking data, ensuring that only authorized users can access and modify the records.",reliability,,,,
