Project Name,MB,Unnamed: 2,Unnamed: 3,Unnamed: 4,Unnamed: 5,Unnamed: 6,Unnamed: 7
Project Summary,"A platform for musicians and influencers to collaborate in the content production and for record labels and brands to find the creators, view creators profiles & sign them for sponsorship deals.",,,,,,
,,,,,,,
User Personas,,,,,,,
Name,User Type,Company Type,Demographics,Motivations,Preferred Channels,Technological Proficiency,Description
The Music Collaborator,B2C,,"18-25 years old, College student, Urban resident","Passionate about music and wants to collaborate with other musicians and influencers to create unique content. Seeks a platform to showcase talent, connect with like-minded individuals, and gain exposure. Aims to be discovered by record labels and brands for sponsorship deals.",Mobile app,Tech-savvy,A young musician looking for opportunities to collaborate with others and gain recognition in the music industry.
Pains,,,,,,,
Title,Description,Frequency,Severity,Context,Underlying Cause,,
Limited collaboration opportunities,Difficulty finding musicians and influencers to collaborate with on the platform.,Sometimes,Medium,Wants to collaborate with others but struggles to find suitable partners.,Limited user base or lack of effective search and matching features.,,
Lack of exposure,Struggles to gain visibility and recognition on the platform.,Often,High,Wants to be discovered by record labels and brands but has limited visibility.,Limited promotion or discoverability features on the platform.,,
Difficulty showcasing talent,Challenges in effectively showcasing musical talent on the platform.,Sometimes,Medium,Wants to impress potential collaborators and industry professionals with talent but faces obstacles.,Limited profile customization or multimedia support on the platform.,,
Lack of relevant connections,Struggles to connect with like-minded musicians and influencers on the platform.,Often,Medium,Wants to connect with others who share similar interests and goals but finds it challenging.,Limited networking or matchmaking features on the platform.,,
Difficulty in securing sponsorship deals,Challenges in attracting the attention of record labels and brands for sponsorship opportunities.,Sometimes,High,Wants to be considered for sponsorship deals but faces difficulties in getting noticed.,Limited visibility or lack of effective communication channels with industry professionals.,,
,,,,,,,
Name,User Type,Company Type,Demographics,Motivations,Preferred Channels,Technological Proficiency,Description
The Influencer Marketer,B2B,Marketing Agency,"25-35 years old, Marketing professional, Located in major cities","Wants to discover talented creators for influencer marketing campaigns. Seeks a platform to view creators' profiles, analyze their audience, and connect with them for sponsorship deals. Aims to find authentic influencers who align with brands' values and target audience.",Web platform,Moderate,A marketing professional looking for talented creators to collaborate with for influencer marketing campaigns.
Pains,,,,,,,
Title,Description,Frequency,Severity,Context,Underlying Cause,,
Limited search filters,Difficulty in finding creators with specific criteria due to limited search filters.,Often,Medium,Wants to find creators with specific audience demographics for a campaign.,Lack of advanced search filters on the platform.,,
Lack of verified creator profiles,Uncertainty about the authenticity and credibility of creator profiles.,Sometimes,High,Wants to ensure working with genuine and trustworthy creators.,Absence of a verification process for creator profiles.,,
Inefficient communication channels,Difficulty in communicating with creators efficiently and effectively.,Often,Medium,Needs to discuss campaign details and negotiate terms with creators.,Lack of integrated messaging or communication features on the platform.,,
Limited audience insights,Insufficient data and insights about creators' audience demographics and engagement.,Often,High,Requires detailed audience analysis for campaign targeting.,Lack of comprehensive audience analytics on the platform.,,
Complex sponsorship deal negotiation,Challenges in negotiating sponsorship deals with creators.,Sometimes,Medium,"Needs to agree on terms, pricing, and deliverables with creators.",Lack of streamlined processes for sponsorship deal negotiation on the platform.,,
,,,,,,,
Name,User Type,Company Type,Demographics,Motivations,Preferred Channels,Technological Proficiency,Description
The Record Label Scout,B2B,Record Label,"30-40 years old, Music industry professional, Experienced in talent scouting","Aims to discover and sign talented creators for record label deals. Wants a platform to explore creators' profiles, listen to their music, and connect with them for potential signings. Seeks to find artists with unique styles and potential for commercial success.",Web platform,Moderate,A record label scout searching for promising musicians to sign and support in their music career.
Pains,,,,,,,
Title,Description,Frequency,Severity,Context,Underlying Cause,,
Limited search filters,Difficulty in finding specific types of musicians due to limited search filters on the platform.,Often,Medium,Wants to narrow down search results to specific genres or locations.,Lack of advanced search options on the platform.,,
Lack of audio samples,Unable to listen to music samples of creators on their profiles.,Always,High,Wants to evaluate the musical talent and style of creators before considering them for signing.,Missing feature to upload and showcase audio samples on creator profiles.,,
Inconsistent profile information,Creators' profiles often lack complete and up-to-date information.,Often,Medium,Struggles to make informed decisions about potential signings due to incomplete profiles.,Lack of mandatory profile fields and verification process for creators.,,
Limited communication options,Difficulty in directly communicating with creators on the platform.,Often,Medium,Wants to discuss potential deals or collaborations with creators.,Lack of messaging or chat feature on the platform.,,
Lack of performance metrics,Unable to access performance metrics or analytics of creators' past work.,Always,High,Needs data-driven insights to evaluate the potential success of creators.,Missing feature to track and display performance metrics on the platform.,,
,,,,,,,
Name,User Type,Company Type,Demographics,Motivations,Preferred Channels,Technological Proficiency,Description
The Brand Sponsorship Manager,B2B,Brand,"25-35 years old, Marketing professional, Experienced in influencer marketing","Wants to find creators for brand sponsorship deals. Seeks a platform to discover creators' profiles, evaluate their audience reach and engagement, and connect with them for collaboration opportunities. Aims to build authentic brand partnerships with creators who align with the brand's values.",Web platform,Moderate,A brand sponsorship manager looking for creators to collaborate with for sponsored content and brand partnerships.
Pains,,,,,,,
Title,Description,Frequency,Severity,Context,Underlying Cause,,
Limited access to creator profiles,Difficulty in finding and accessing detailed profiles of creators on the platform.,Often,Medium,Wants to evaluate creators' audience reach and engagement before initiating collaboration.,Lack of comprehensive creator profiles or limited information available.,,
Lack of search filters for creator discovery,Inability to filter and narrow down the search results based on specific criteria for creator discovery.,Often,Medium,Wants to find creators who align with the brand's values and target audience.,Absence of advanced search filters or limited options for refining search results.,,
Difficulty in assessing creator authenticity,Challenges in determining the authenticity and credibility of creators on the platform.,Sometimes,High,Wants to ensure brand partnerships with creators who have genuine influence and engagement.,Lack of verification or validation mechanisms for creators' authenticity.,,
Lack of communication channels with creators,No direct channels available to communicate and discuss collaboration opportunities with creators.,Sometimes,Medium,Wants to negotiate sponsorship deals and discuss content requirements with potential creators.,Absence of integrated messaging or communication features on the platform.,,
Limited insights into creator audience demographics,Insufficient data or insights available about the demographics and characteristics of creators' audiences.,Often,Low,Wants to ensure alignment between the brand's target audience and the creator's audience.,Lack of comprehensive audience analytics or limited data provided by creators.,,
,,,,,,,
Name,User Type,Company Type,Demographics,Motivations,Preferred Channels,Technological Proficiency,Description
The Content Creator Manager,B2B2C,Content Production Agency,"30-40 years old, Creative professional, Experienced in content production","Wants to find talented creators for content production projects. Seeks a platform to discover creators' profiles, view their portfolio, and connect with them for collaboration opportunities. Aims to build a network of reliable and skilled creators for various client projects.",Web platform and Mobile app,Tech-savvy,A content production manager searching for talented creators to collaborate with for various client projects.
Pains,,,,,,,
Title,Description,Frequency,Severity,Context,Underlying Cause,,
Difficulty finding suitable creators,Struggles to find creators with the right skills and experience for content production projects.,Often,High,Needs to quickly find reliable and skilled creators for client projects.,Lack of a centralized platform to discover and connect with creators.,,
Limited visibility into creators' portfolios,Has difficulty accessing and evaluating creators' portfolios and past work.,Often,Medium,Needs to assess the quality and style of creators' work before collaborating.,Lack of a platform that provides comprehensive and easily accessible creator profiles.,,
Inefficient communication with creators,Struggles to communicate effectively with creators during the collaboration process.,Sometimes,Medium,"Needs to provide feedback, discuss project details, and coordinate with creators.",Reliance on multiple communication channels and lack of streamlined communication features.,,
Difficulty verifying creators' credibility,Faces challenges in verifying the credibility and authenticity of creators.,Sometimes,Medium,Needs to ensure that creators have a reliable track record and are suitable for client projects.,Lack of a transparent system to verify creators' credentials and reputation.,,
Lack of collaboration management tools,Struggles to manage and track the progress of collaborations with creators.,Sometimes,Low,Needs to stay organized and ensure timely delivery of content production projects.,Absence of features for project management and collaboration tracking.,,
